日期,星期,最高温度,最低温度,天气,风向风力
2014-01-01,星期三,10℃,4℃,多云,微风 小于3级
2014-01-02,星期四,8℃,6℃,阴转小雨,微风 小于3级
2014-01-03,星期五,9℃,5℃,阴,微风 小于3级
2014-01-04,星期六,13℃,5℃,晴,微风 小于3级
2014-01-05,星期日,10℃,6℃,多云转小雨,微风 小于3级
2014-01-06,星期一,8℃,6℃,小雨,微风 小于3级
2014-01-07,星期二,8℃,6℃,小雨,微风 小于3级
2014-01-08,星期三,9℃,6℃,小雨,微风 小于3级
2014-01-09,星期四,8℃,6℃,阴,微风 小于3级
2014-01-10,星期五,8℃,6℃,阴转小雨,微风 小于3级
2014-01-11,星期六,9℃,6℃,小雨,微风 小于3级
2014-01-12,星期日,8℃,6℃,小雨,微风 小于3级
2014-01-13,星期一,9℃,6℃,小雨转阴,微风 小于3级
2014-01-14,星期二,12℃,5℃,雾转晴,微风 小于3级
2014-01-15,星期三,10℃,6℃,多云转阴,微风 小于3级
2014-01-16,星期四,9℃,7℃,阴,微风 小于3级
2014-01-17,星期五,11℃,6℃,阴转多云,微风 小于3级
2014-01-18,星期六,13℃,5℃,多云,微风 小于3级
2014-01-19,星期日,9℃,6℃,多云转小雨,微风 小于3级
2014-01-20,星期一,13℃,6℃,阴转多云,微风 小于3级
2014-01-21,星期二,13℃,4℃,多云转晴,微风 小于3级
2014-01-22,星期三,16℃,4℃,晴,微风 小于3级
2014-01-23,星期四,15℃,5℃,晴,微风 小于3级
2014-01-24,星期五,15℃,7℃,多云,微风 小于3级
2014-01-25,星期六,14℃,8℃,多云转阴,微风 小于3级
2014-01-26,星期日,14℃,10℃,小雨,微风 小于3级
2014-01-27,星期一,15℃,9℃,小雨转多云,微风 小于3级
2014-01-28,星期二,10℃,8℃,阴转小雨,微风 小于3级
2014-01-29,星期三,17℃,8℃,阴转多云,微风 小于3级
2014-01-30,星期四,17℃,5℃,晴,微风 小于3级
2014-01-31,星期五,15℃,9℃,多云转阴,微风 小于3级
日期,星期,最高温度,最低温度,天气,风向风力
2014-02-01,星期六,15℃,9℃,雾转多云,微风 小于3级
2014-02-02,星期六,16℃,10℃,雾转多云,微风 小于3级
2014-02-03,星期一,16℃,10℃,雾转多云,微风 小于3级
2014-02-04,星期二,15℃,8℃,多云,微风 小于3级
2014-02-05,星期三,14℃,11℃,阴,微风 小于3级
2014-02-06,星期四,12℃,10℃,小雨,微风 小于3级
2014-02-07,星期五,10℃,8℃,小雨转阴,微风 小于3级
2014-02-08,星期六,7℃,4℃,阴转小雨,微风 小于3级
2014-02-09,星期日,6℃,4℃,小雨,微风 小于3级
2014-02-10,星期一,7℃,4℃,小雨,微风 小于3级
2014-02-11,星期二,7℃,3℃,阴,微风 小于3级
2014-02-12,星期三,6℃,4℃,阴转小雨,微风 小于3级
2014-02-13,星期四,9℃,4℃,阴,微风 小于3级
2014-02-14,星期五,10℃,4℃,多云转阴,微风 小于3级
2014-02-15,星期六,10℃,5℃,阴,微风 小于3级
2014-02-16,星期日,9℃,6℃,阴,微风 小于3级
2014-02-17,星期一,9℃,6℃,阴转小雨,微风 小于3级
2014-02-18,星期二,9℃,5℃,阴转小雨,微风 小于3级
2014-02-19,星期三,13℃,4℃,雾转晴,微风 小于3级
2014-02-20,星期四,15℃,5℃,晴转多云,微风 小于3级
2014-02-21,星期五,14℃,7℃,多云转阴,微风 小于3级
2014-02-22,星期六,13℃,9℃,阴,微风 小于3级
2014-02-23,星期日,13℃,10℃,阴,微风 小于3级
2014-02-24,星期一,13℃,10℃,小雨,微风 小于3级
2014-02-25,星期二,14℃,9℃,阴转多云,微风 小于3级
2014-02-26,星期三,14℃,8℃,多云转阴,微风 小于3级
2014-02-27,星期四,13℃,11℃,小雨,微风 小于3级
2014-02-28,星期五,12℃,11℃,小雨,微风 小于3级
日期,星期,最高温度,最低温度,天气,风向风力
2014-03-01,星期六,13℃,11℃,小雨,微风 小于3级
2014-03-02,星期日,13℃,10℃,小雨,微风 小于3级
2014-03-03,星期一,13℃,9℃,小雨,微风 小于3级
2014-03-04,星期二,16℃,9℃,阴转多云,微风 小于3级
2014-03-05,星期三,14℃,9℃,多云转阴,微风 小于3级
2014-03-06,星期四,13℃,10℃,小雨,微风 小于3级
2014-03-07,星期五,14℃,11℃,阴,微风 小于3级
2014-03-08,星期六,17℃,10℃,阴转多云,微风 小于3级
2014-03-09,星期日,17℃,10℃,多云转阴,微风 小于3级
2014-03-10,星期一,20℃,10℃,多云转晴,微风 小于3级
2014-03-11,星期二,20℃,11℃,晴转多云,微风 小于3级
2014-03-12,星期三,18℃,14℃,阴转小雨,微风 小于3级
2014-03-13,星期四,15℃,13℃,阴转小雨,微风 小于3级
2014-03-14,星期五,15℃,10℃,阴转多云,微风 小于3级
2014-03-15,星期六,18℃,10℃,多云,微风 小于3级
2014-03-16,星期日,23℃,10℃,多云转晴,微风 小于3级
2014-03-17,星期一,23℃,12℃,晴,微风 小于3级
2014-03-18,星期二,22℃,16℃,多云转阴,微风 小于3级
2014-03-19,星期三,25℃,16℃,多云,微风 小于3级
2014-03-20,星期四,22℃,13℃,中雨,微风 小于3级
2014-03-21,星期五,15℃,10℃,小雨转阴,微风 小于3级
2014-03-22,星期六,15℃,11℃,阴,微风 小于3级
2014-03-23,星期日,14℃,11℃,阴,微风 小于3级
2014-03-24,星期一,17℃,12℃,阴转小雨,微风 小于3级
2014-03-25,星期二,18℃,11℃,阴,微风 小于3级
2014-03-26,星期三,22℃,11℃,多云,微风 小于3级
2014-03-27,星期四,22℃,15℃,多云转阵雨,微风 小于3级
2014-03-28,星期五,24℃,15℃,阴转多云,微风 小于3级
2014-03-29,星期六,24℃,13℃,阴转多云,微风 小于3级
2014-03-30,星期日,21℃,15℃,中雨转小雨,微风 小于3级
2014-03-31,星期一,17℃,15℃,阵雨转阴,微风 小于3级
日期,星期,最高温度,最低温度,天气,风向风力
2014-04-01,星期二,16℃,14℃,小雨,微风 小于3级
2014-04-02,星期三,19℃,14℃,小雨,微风 小于3级
2014-04-03,星期四,22℃,14℃,阴,微风 小于3级
2014-04-04,星期五,21℃,15℃,阴转多云,微风 小于3级
2014-04-05,星期六,19℃,16℃,阴转中雨,微风 小于3级
2014-04-06,星期日,21℃,14℃,阵雨转阴,微风 小于3级
2014-04-07,星期一,23℃,14℃,多云,微风 小于3级
2014-04-08,星期二,25℃,16℃,多云转晴,微风 小于3级
2014-04-09,星期三,23℃,17℃,多云转阵雨,微风 小于3级
2014-04-10,星期四,22℃,18℃,阵雨,微风 小于3级
2014-04-11,星期五,21℃,19℃,小雨,微风 小于3级
2014-04-12,星期六,24℃,19℃,小雨转阴,微风 小于3级
2014-04-13,星期日,29℃,18℃,多云,微风 小于3级
2014-04-14,星期一,26℃,18℃,阵雨转阴,微风 小于3级
2014-04-15,星期二,27℃,20℃,阵雨转阴,微风 小于3级
2014-04-16,星期三,27℃,21℃,阴,微风 小于3级
2014-04-17,星期四,29℃,21℃,阴转多云,微风 小于3级
2014-04-18,星期五,27℃,22℃,中雨转阵雨,微风 小于3级
2014-04-19,星期六,27℃,20℃,阵雨转阴,微风 小于3级
2014-04-20,星期日,24℃,17℃,阴,微风 小于3级
2014-04-21,星期一,20℃,17℃,阵雨,微风 小于3级
2014-04-22,星期二,23℃,15℃,阴转多云,微风 小于3级
2014-04-23,星期三,24℃,17℃,阵雨转阴,微风 小于3级
2014-04-24,星期四,21℃,18℃,阵雨,微风 小于3级
2014-04-25,星期五,21℃,18℃,小雨,微风 小于3级
2014-04-26,星期六,21℃,17℃,阵雨,微风 小于3级
2014-04-27,星期日,22℃,13℃,多云,微风 小于3级
2014-04-28,星期一,23℃,16℃,阵雨转多云,微风 小于3级
2014-04-29,星期二,22℃,15℃,阵雨转阴,微风 小于3级
2014-04-30,星期三,28℃,15℃,多云转晴,微风 小于3级
日期,星期,最高温度,最低温度,天气,风向风力
2014-05-01,星期四,29℃,17℃,晴转多云,微风 小于3级
2014-05-02,星期五,26℃,17℃,雷阵雨转中雨,微风 小于3级
2014-05-03,星期六,18℃,16℃,小雨转中雨,微风 小于3级
2014-05-04,星期日,22℃,15℃,中雨转阴,微风 小于3级
2014-05-05,星期一,24℃,15℃,阴转多云,微风 小于3级
2014-05-06,星期二,27℃,18℃,多云转晴,微风 小于3级
2014-05-07,星期三,29℃,17℃,多云转晴,微风 小于3级
2014-05-08,星期四,24℃,18℃,阴转阵雨,微风 小于3级
2014-05-09,星期五,23℃,19℃,阵雨,微风 小于3级
2014-05-10,星期六,21℃,19℃,中雨转阵雨,微风 小于3级
2014-05-11,星期日,26℃,16℃,阴转多云,微风 小于3级
2014-05-12,星期一,25℃,18℃,多云转阴,微风 小于3级
2014-05-13,星期二,23℃,19℃,阵雨,微风 小于3级
2014-05-14,星期三,24℃,19℃,阴,微风 小于3级
2014-05-15,星期四,22℃,17℃,阵雨,微风 小于3级
2014-05-16,星期五,23℃,18℃,阵雨,微风 小于3级
2014-05-17,星期六,23℃,17℃,阵雨转阴,微风 小于3级
2014-05-18,星期日,26℃,20℃,多云,微风 小于3级
2014-05-19,星期一,27℃,20℃,阵雨转多云,微风 小于3级
2014-05-20,星期二,30℃,20℃,多云,微风 小于3级
2014-05-21,星期三,23℃,20℃,大雨转阵雨,微风 小于3级
2014-05-22,星期四,26℃,19℃,阴,微风 小于3级
2014-05-23,星期五,26℃,20℃,阴,微风 小于3级
2014-05-24,星期六,24℃,21℃,中雨,微风 小于3级
2014-05-25,星期日,26℃,21℃,小雨转阵雨,微风 小于3级
2014-05-26,星期一,24℃,19℃,阵雨转阴,微风 小于3级
2014-05-27,星期二,27℃,17℃,阴转多云,微风 小于3级
2014-05-28,星期三,27℃,20℃,多云,微风 小于3级
2014-05-29,星期四,25℃,20℃,阵雨转阴,微风 小于3级
2014-05-30,星期五,27℃,21℃,阵雨转阴,微风 小于3级
2014-05-31,星期六,26℃,22℃,阵雨转小雨,微风 小于3级
日期,星期,最高温度,最低温度,天气,风向风力
2014-06-01,星期日,31℃,22℃,阵雨转多云,微风 小于3级
2014-06-02,星期一,33℃,23℃,多云,微风 小于3级
2014-06-03,星期二,31℃,24℃,阵雨,微风 小于3级
2014-06-04,星期三,29℃,23℃,中雨转阵雨,微风 小于3级
2014-06-05,星期四,27℃,23℃,阵雨,微风 小于3级
2014-06-06,星期五,28℃,23℃,中雨转阴,微风 小于3级
2014-06-07,星期六,31℃,21℃,阴转多云,微风 小于3级
2014-06-08,星期六,26℃,23℃,多云转阵雨,微风 小于3级
2014-06-09,星期一,24℃,21℃,阵雨,微风 小于3级
2014-06-10,星期二,27℃,21℃,阵雨转阴,南风 微风
2014-06-11,星期三,30℃,21℃,多云,北风 微风
2014-06-12,星期四,24℃,21℃,阵雨,西北风 微风
2014-06-13,星期五,22℃,20℃,中雨,西北风 微风
2014-06-14,星期六,23℃,20℃,阵雨,西北风 微风
2014-06-15,星期日,26℃,20℃,阵雨转阴,南风 微风
2014-06-16,星期一,33℃,22℃,多云,西北风 微风
2014-06-17,星期二,35℃,23℃,多云,西风 微风
2014-06-18,星期三,33℃,24℃,多云,西北风 微风
2014-06-19,星期四,25℃,23℃,大雨转中雨,北风 微风
2014-06-20,星期五,22℃,20℃,中雨,东风 微风
2014-06-21,星期六,27℃,20℃,阵雨转阴,北风 微风
2014-06-22,星期日,25℃,21℃,阵雨,西北风 微风
2014-06-23,星期一,25℃,21℃,中雨,西北风 微风
2014-06-24,星期二,24℃,22℃,大雨,西风 微风
2014-06-25,星期三,25℃,22℃,小雨,东南风 微风
2014-06-26,星期四,27℃,22℃,小雨,西风 微风
2014-06-27,星期五,28℃,23℃,阴转阵雨,西南风 微风
2014-06-28,星期六,26℃,24℃,阵雨转中雨,西北风 微风
2014-06-29,星期日,23℃,22℃,中雨转小雨,南风 微风
2014-06-30,星期一,24℃,21℃,中雨,北风 微风
日期,星期,最高温度,最低温度,天气,风向风力
2014-07-01,星期二,27℃,19℃,小雨转阴,东南风 微风
2014-07-02,星期三,27℃,22℃,阴转大雨,西北风 微风
2014-07-03,星期四,31℃,21℃,小雨转多云,西南风 微风
2014-07-04,星期五,34℃,22℃,多云转晴,南风 微风
2014-07-05,星期六,36℃,24℃,晴,北风 微风
2014-07-06,星期日,35℃,26℃,多云,东北风 微风
2014-07-07,星期一,36℃,26℃,多云,北风 微风
2014-07-08,星期二,38℃,27℃,多云转晴,西北风 微风
2014-07-09,星期三,34℃,28℃,多云,西北风 微风
2014-07-10,星期四,30℃,25℃,中雨,西风 微风
2014-07-11,星期五,28℃,22℃,中雨转小雨,微风 小于3级
2014-07-12,星期六,28℃,23℃,小雨转阵雨,微风 小于3级
2014-07-13,星期日,30℃,23℃,阴,微风 小于3级
2014-07-14,星期一,31℃,24℃,阴,微风 小于3级
2014-07-15,星期二,29℃,24℃,大雨,微风 小于3级
2014-07-16,星期三,30℃,22℃,阴,微风 小于3级
2014-07-17,星期四,34℃,24℃,多云,微风 小于3级
2014-07-18,星期五,35℃,24℃,多云,微风 小于3级
2014-07-19,星期六,36℃,26℃,多云,微风 小于3级
2014-07-20,星期日,35℃,27℃,多云转阵雨,微风 小于3级
2014-07-21,星期一,36℃,27℃,多云转晴,微风 小于3级
2014-07-22,星期二,38℃,28℃,多云转晴,微风 小于3级
2014-07-23,星期三,38℃,28℃,多云,微风 小于3级
2014-07-24,星期四,34℃,28℃,阵雨转阴,微风 小于3级
2014-07-25,星期五,35℃,25℃,雷阵雨转阴,微风 小于3级
2014-07-26,星期六,37℃,26℃,多云转晴,微风 小于3级
2014-07-27,星期日,36℃,26℃,多云转晴,微风 小于3级
2014-07-28,星期一,38℃,28℃,晴转多云,微风 小于3级
2014-07-29,星期二,38℃,29℃,多云,微风 小于3级
2014-07-30,星期三,38℃,28℃,晴转多云,微风 小于3级
2014-07-31,星期四,36℃,29℃,雷阵雨,微风 小于3级
日期,星期,最高温度,最低温度,天气,风向风力
2014-08-01,星期五,37℃,29℃,阴转多云,微风 小于3级
2014-08-02,星期六,35℃,26℃,多云,微风 小于3级
2014-08-03,星期日,37℃,27℃,多云转晴,微风 小于3级
2014-08-04,星期一,38℃,28℃,晴转多云,微风 小于3级
2014-08-05,星期二,39℃,28℃,晴,微风 小于3级
2014-08-06,星期三,39℃,27℃,晴,微风 小于3级
2014-08-07,星期四,39℃,29℃,晴转多云,微风 小于3级
2014-08-08,星期五,39℃,29℃,多云转晴,微风 小于3级
2014-08-09,星期六,33℃,27℃,多云,微风 小于3级
2014-08-10,星期日,29℃,25℃,中雨,微风 小于3级
2014-08-11,星期一,27℃,23℃,中雨转阵雨,微风 小于3级
2014-08-12,星期二,24℃,21℃,中雨转阵雨,微风 小于3级
2014-08-13,星期三,29℃,21℃,阵雨转阴,微风 小于3级
2014-08-14,星期四,34℃,23℃,多云,微风 小于3级
2014-08-15,星期五,33℃,23℃,多云转阴,微风 小于3级
2014-08-16,星期六,27℃,24℃,小雨转中雨,微风 小于3级
2014-08-17,星期日,27℃,24℃,中雨转大雨,微风 小于3级
2014-08-18,星期一,30℃,24℃,中雨转多云,微风 小于3级
2014-08-19,星期二,34℃,24℃,阴转多云,微风 小于3级
2014-08-20,星期三,34℃,23℃,晴,微风 小于3级
2014-08-21,星期四,34℃,24℃,晴,微风 小于3级
2014-08-22,星期五,29℃,24℃,阵雨,微风 小于3级
2014-08-23,星期六,24℃,21℃,中雨转小雨,微风 小于3级
2014-08-24,星期日,26℃,20℃,阴,微风 小于3级
2014-08-25,星期一,28℃,23℃,阴,微风 小于3级
2014-08-26,星期二,26℃,23℃,阴,微风 小于3级
2014-08-27,星期三,25℃,21℃,大雨,微风 小于3级
2014-08-28,星期四,26℃,21℃,中雨转小雨,微风 小于3级
2014-08-29,星期五,31℃,22℃,小雨转多云,微风 小于3级
2014-08-30,星期六,33℃,24℃,多云,微风 小于3级
2014-08-31,星期日,30℃,25℃,多云转阴,微风 小于3级
日期,星期,最高温度,最低温度,天气,风向风力
2014-09-01,星期一,29℃,23℃,阵雨,微风 小于3级
2014-09-02,星期二,24℃,21℃,大雨转小雨,微风 小于3级
2014-09-03,星期三,30℃,20℃,阴转多云,微风 小于3级
2014-09-04,星期四,26℃,22℃,中雨,微风 小于3级
2014-09-05,星期五,29℃,22℃,多云,微风 小于3级
2014-09-06,星期六,32℃,23℃,多云,微风 小于3级
2014-09-07,星期日,33℃,24℃,多云,微风 小于3级
2014-09-08,星期一,34℃,24℃,多云,微风 小于3级
2014-09-09,星期二,34℃,25℃,多云,微风 小于3级
2014-09-10,星期三,35℃,25℃,阴,微风 小于3级
2014-09-11,星期四,33℃,26℃,多云转阴,微风 小于3级
2014-09-12,星期五,32℃,26℃,阵雨转阴,微风 小于3级
2014-09-13,星期六,31℃,25℃,中雨转阴,微风 小于3级
2014-09-14,星期日,29℃,24℃,阵雨,微风 小于3级
2014-09-15,星期一,26℃,22℃,中雨转阵雨,微风 小于3级
2014-09-16,星期二,25℃,21℃,阵雨转小雨,微风 小于3级
2014-09-17,星期三,26℃,21℃,小雨转中雨,微风 小于3级
2014-09-18,星期四,22℃,19℃,大雨,微风 小于3级
2014-09-19,星期五,25℃,19℃,中雨转多云,微风 小于3级
2014-09-20,星期六,29℃,18℃,多云,微风 小于3级
2014-09-21,星期日,32℃,20℃,晴,微风 小于3级
2014-09-22,星期一,31℃,20℃,晴,微风 小于3级
2014-09-23,星期二,30℃,20℃,多云,微风 小于3级
2014-09-24,星期三,24℃,19℃,阴,微风 小于3级
2014-09-25,星期四,26℃,20℃,阴,微风 小于3级
2014-09-26,星期五,24℃,20℃,阴转小雨,微风 小于3级
2014-09-27,星期六,25℃,21℃,小雨转中雨,微风 小于3级
2014-09-28,星期日,25℃,20℃,小雨,微风 小于3级
2014-09-29,星期一,26℃,20℃,阴,微风 小于3级
2014-09-30,星期二,29℃,21℃,阴转多云,微风 小于3级
日期,星期,最高温度,最低温度,天气,风向风力
2014-10-01,星期三,25℃,22℃,小雨,微风 小于3级
2014-10-02,星期四,28℃,19℃,阴转多云,微风 小于3级
2014-10-03,星期五,28℃,19℃,多云,微风 小于3级
2014-10-04,星期六,24℃,20℃,中雨转小雨,微风 小于3级
2014-10-05,星期日,27℃,18℃,阴转多云,微风 小于3级
2014-10-06,星期一,30℃,19℃,多云,微风 小于3级
2014-10-07,星期二,30℃,18℃,晴,微风 小于3级
2014-10-08,星期三,29℃,18℃,晴转多云,微风 小于3级
2014-10-09,星期四,28℃,20℃,多云,微风 小于3级
2014-10-10,星期五,29℃,20℃,晴,微风 小于3级
2014-10-11,星期六,28℃,20℃,多云,微风 小于3级
2014-10-12,星期日,23℃,17℃,多云,微风 小于3级
2014-10-13,星期一,20℃,15℃,阴,微风 小于3级
2014-10-14,星期二,21℃,15℃,阴,微风 小于3级
2014-10-15,星期三,20℃,15℃,阴转阵雨,微风 小于3级
2014-10-16,星期四,18℃,16℃,小雨,微风 小于3级
2014-10-17,星期五,17℃,15℃,小雨,微风 小于3级
2014-10-18,星期六,19℃,16℃,小雨,微风 小于3级
2014-10-19,星期日,19℃,17℃,中雨转小雨,微风 小于3级
2014-10-20,星期一,21℃,16℃,中雨转阵雨,微风 小于3级
2014-10-21,星期二,25℃,17℃,多云转晴,微风 小于3级
2014-10-22,星期三,26℃,15℃,晴转多云,微风 小于3级
2014-10-23,星期四,23℃,17℃,阴,微风 小于3级
2014-10-24,星期五,24℃,17℃,阴,微风 小于3级
2014-10-25,星期六,26℃,16℃,多云,微风 小于3级
2014-10-26,星期日,26℃,18℃,多云,微风 小于3级
2014-10-27,星期一,23℃,19℃,阴转小雨,微风 小于3级
2014-10-28,星期二,22℃,18℃,大雨转小雨,微风 小于3级
2014-10-29,星期三,21℃,18℃,小雨,微风 小于3级
2014-10-30,星期四,21℃,17℃,阴,微风 小于3级
2014-10-31,星期五,20℃,17℃,阴,微风 小于3级
日期,星期,最高温度,最低温度,天气,风向风力
2014-11-01,星期六,19℃,15℃,小雨,微风 小于3级
2014-11-02,星期日,15℃,13℃,小雨,微风 小于3级
2014-11-03,星期一,16℃,12℃,阴,微风 小于3级
2014-11-04,星期二,17℃,10℃,多云转阴,微风 小于3级
2014-11-05,星期三,17℃,12℃,阴转多云,微风 小于3级
2014-11-06,星期四,16℃,13℃,阴,微风 小于3级
2014-11-07,星期五,15℃,12℃,小雨,微风 小于3级
2014-11-08,星期五,18℃,12℃,阴转多云,微风 小于3级
2014-11-09,星期五,18℃,12℃,阴转多云,微风 小于3级
2014-11-10,星期一,18℃,12℃,阴转多云,微风 小于3级
2014-11-11,星期二,16℃,12℃,小雨转阴,微风 小于3级
2014-11-12,星期三,14℃,12℃,阴转小雨,微风 小于3级
2014-11-13,星期四,15℃,12℃,小雨转阴,微风 小于3级
2014-11-14,星期五,18℃,8℃,晴,微风 小于3级
2014-11-15,星期六,15℃,12℃,小雨,微风 小于3级
2014-11-16,星期日,15℃,12℃,小雨,微风 小于3级
2014-11-17,星期一,14℃,12℃,小雨,微风 小于3级
2014-11-18,星期二,16℃,11℃,阴,微风 小于3级
2014-11-19,星期三,17℃,10℃,阴转多云,微风 小于3级
2014-11-20,星期四,16℃,10℃,多云转阴,微风 小于3级
2014-11-21,星期五,15℃,11℃,阴,微风 小于3级
2014-11-22,星期六,14℃,12℃,小雨,微风 小于3级
2014-11-23,星期日,14℃,12℃,小雨,微风 小于3级
2014-11-24,星期一,13℃,12℃,小雨,微风 小于3级
2014-11-25,星期二,16℃,11℃,阴转多云,微风 小于3级
2014-11-26,星期三,16℃,10℃,多云转阴,微风 小于3级
2014-11-27,星期四,16℃,13℃,小雨转阴,微风 小于3级
2014-11-28,星期五,16℃,12℃,阴,微风 小于3级
2014-11-29,星期六,15℃,12℃,小雨,微风 小于3级
2014-11-30,星期日,14℃,12℃,小雨,微风 小于3级
日期,星期,最高温度,最低温度,天气,风向风力
2014-12-01,星期一,13℃,11℃,小雨转阴,微风 小于3级
2014-12-02,星期二,14℃,11℃,阴,微风 小于3级
2014-12-03,星期三,11℃,9℃,小雨,微风 小于3级
2014-12-04,星期四,12℃,10℃,阴,微风 小于3级
2014-12-05,星期五,15℃,10℃,阴,微风 小于3级
2014-12-06,星期六,12℃,9℃,阴,微风 小于3级
2014-12-07,星期日,12℃,9℃,阴,微风 小于3级
2014-12-08,星期一,15℃,10℃,多云,微风 小于3级
2014-12-09,星期二,12℃,9℃,阴转小雨,微风 小于3级
2014-12-10,星期三,9℃,7℃,小雨,微风 小于3级
2014-12-11,星期四,8℃,5℃,小雨,微风 小于3级
2014-12-12,星期五,9℃,5℃,小雨转阴,微风 小于3级
2014-12-13,星期六,10℃,6℃,阴,微风 小于3级
2014-12-14,星期日,10℃,6℃,阴,微风 小于3级
2014-12-15,星期一,8℃,6℃,小雨,微风 小于3级
2014-12-16,星期二,8℃,5℃,阴,微风 小于3级
2014-12-17,星期三,10℃,4℃,阴转多云,微风 小于3级
2014-12-18,星期四,9℃,6℃,小雨,微风 小于3级
2014-12-19,星期五,12℃,4℃,阴转多云,微风 小于3级
2014-12-20,星期六,11℃,5℃,多云,微风 小于3级
2014-12-21,星期日,9℃,6℃,阴,微风 小于3级
2014-12-22,星期一,11℃,4℃,阴,微风 小于3级
2014-12-23,星期二,11℃,6℃,阴转多云,微风 小于3级
2014-12-24,星期三,11℃,5℃,多云,微风 小于3级
2014-12-25,星期四,9℃,7℃,小雨,微风 小于3级
2014-12-26,星期五,10℃,8℃,小雨,微风 小于3级
2014-12-27,星期六,10℃,7℃,小雨,微风 小于3级
2014-12-28,星期日,12℃,6℃,阴转多云,微风 小于3级
2014-12-29,星期一,15℃,5℃,晴,微风 小于3级
2014-12-30,星期二,13℃,5℃,晴转多云,微风 小于3级
2014-12-31,星期三,12℃,6℃,阴转多云,微风 小于3级
日期,星期,最高温度,最低温度,天气,风向风力
2015-01-01,星期四,10℃,7℃,阴,微风 小于3级
2015-01-02,星期五,9℃,7℃,阴,微风 小于3级
2015-01-03,星期六,12℃,8℃,阴,微风 小于3级
2015-01-04,星期日,12℃,8℃,阴,微风 小于3级
2015-01-05,星期一,9℃,7℃,阴转小雨,微风 小于3级
2015-01-06,星期二,9℃,5℃,小雨,微风 小于3级
2015-01-07,星期三,11℃,5℃,多云转阴,微风 小于3级
2015-01-08,星期四,10℃,8℃,小雨,微风 小于3级
2015-01-09,星期五,10℃,6℃,阴,微风 小于3级
2015-01-10,星期六,12℃,7℃,阴,微风 小于3级
2015-01-11,星期日,12℃,7℃,阴,微风 小于3级
2015-01-12,星期一,14℃,7℃,阴转多云,微风 小于3级
2015-01-13,星期二,15℃,5℃,晴,微风 小于3级
2015-01-14,星期三,13℃,6℃,晴转多云,微风 小于3级
2015-01-15,星期四,12℃,9℃,阴,微风 小于3级
2015-01-16,星期五,13℃,8℃,阴,微风 小于3级
2015-01-17,星期六,13℃,9℃,阴转小雨,微风 小于3级
2015-01-18,星期日,12℃,9℃,小雨转阴,微风 小于3级
2015-01-19,星期一,14℃,8℃,多云转阴,微风 小于3级
2015-01-20,星期二,14℃,8℃,阴转多云,微风 小于3级
2015-01-21,星期三,16℃,7℃,多云转晴,微风 小于3级
2015-01-22,星期四,16℃,7℃,多云,微风 小于3级
2015-01-23,星期五,15℃,8℃,多云转阴,微风 小于3级
2015-01-24,星期六,14℃,11℃,阴转小雨,微风 小于3级
2015-01-25,星期日,14℃,11℃,阴,微风 小于3级
2015-01-26,星期一,14℃,12℃,阴,微风 小于3级
2015-01-27,星期二,13℃,11℃,阴转小雨,微风 小于3级
2015-01-28,星期三,11℃,9℃,小雨,微风 小于3级
2015-01-29,星期四,9℃,6℃,小雨,微风 小于3级
2015-01-30,星期五,8℃,6℃,小雨,微风 小于3级
2015-01-31,星期六,8℃,6℃,小雨,微风 小于3级
日期,星期,最高温度,最低温度,天气,风向风力
2015-02-01,星期日,8℃,5℃,阴,微风 小于3级
2015-02-02,星期一,12℃,6℃,阴,微风 小于3级
2015-02-03,星期二,11℃,7℃,阴,微风 小于3级
2015-02-04,星期三,11℃,6℃,阴,微风 小于3级
2015-02-05,星期四,11℃,7℃,阴,微风 小于3级
2015-02-06,星期五,13℃,5℃,阴转多云,微风 小于3级
2015-02-07,星期六,12℃,7℃,阴,微风 小于3级
2015-02-08,星期日,11℃,8℃,阴,微风 小于3级
2015-02-09,星期日,12℃,7℃,阴,微风 小于3级
2015-02-10,星期二,12℃,7℃,阴,微风 小于3级
2015-02-11,星期二,15℃,7℃,阴转多云,微风 小于3级
2015-02-12,星期二,18℃,6℃,晴,微风 小于3级
2015-02-13,星期五,15℃,10℃,阴转小雨,微风 小于3级
2015-02-14,星期六,14℃,10℃,阴转小雨,微风 小于3级
2015-02-15,星期日,18℃,11℃,阴转多云,微风 小于3级
2015-02-16,星期一,19℃,11℃,多云,微风 小于3级
2015-02-17,星期二,20℃,11℃,多云转晴,微风 小于3级
2015-02-18,星期三,17℃,12℃,多云转阴,微风 小于3级
2015-02-19,星期四,18℃,14℃,阴,微风 小于3级
2015-02-20,星期五,19℃,13℃,阴,微风 小于3级
2015-02-21,星期六,18℃,12℃,阴,微风 小于3级
2015-02-22,星期日,17℃,13℃,小雨,微风 小于3级
2015-02-23,星期一,17℃,10℃,阴,微风 小于3级
2015-02-24,星期二,18℃,10℃,阴,微风 小于3级
2015-02-25,星期三,16℃,11℃,阴,微风 小于3级
2015-02-26,星期四,16℃,12℃,小雨转阴,微风 小于3级
2015-02-27,星期五,14℃,11℃,阴转小雨,微风 小于3级
2015-02-28,星期六,14℃,8℃,小雨,微风 小于3级
日期,星期,最高温度,最低温度,天气,风向风力
2015-03-01,星期日,13℃,8℃,小雨转阴,微风 小于3级
2015-03-02,星期一,13℃,8℃,阴,微风 小于3级
2015-03-03,星期二,13℃,9℃,阴,微风 小于3级
2015-03-04,星期三,12℃,8℃,阴转小雨,微风 小于3级
2015-03-05,星期四,12℃,8℃,小雨,微风 小于3级
2015-03-06,星期五,13℃,8℃,阴,微风 小于3级
2015-03-07,星期六,17℃,9℃,多云,微风 小于3级
2015-03-08,星期日,19℃,10℃,多云,微风 小于3级
2015-03-09,星期一,20℃,9℃,多云,微风 小于3级
2015-03-10,星期二,15℃,12℃,阴,微风 小于3级
2015-03-11,星期三,17℃,12℃,阴,微风 小于3级
2015-03-12,星期四,22℃,9℃,多云转晴,微风 小于3级
2015-03-13,星期五,20℃,14℃,多云,微风 小于3级
2015-03-14,星期六,17℃,14℃,阴转小雨,微风 小于3级
2015-03-15,星期日,20℃,13℃,阴转多云,微风 小于3级
2015-03-16,星期一,22℃,13℃,多云,微风 小于3级
2015-03-17,星期二,21℃,16℃,多云转阵雨,微风 小于3级
2015-03-18,星期三,22℃,17℃,阴,微风 小于3级
2015-03-19,星期四,20℃,16℃,阵雨转阴,微风 小于3级
2015-03-20,星期五,19℃,15℃,阴,微风 小于3级
2015-03-21,星期六,22℃,13℃,阴转多云,微风 小于3级
2015-03-22,星期日,21℃,15℃,多云转阴,微风 小于3级
2015-03-23,星期一,23℃,17℃,阴转多云,微风 小于3级
2015-03-24,星期二,23℃,16℃,多云,微风 小于3级
2015-03-25,星期三,25℃,15℃,多云转晴,微风 小于3级
2015-03-26,星期四,23℃,16℃,多云,微风 小于3级
2015-03-27,星期五,23℃,18℃,多云转阴,微风 小于3级
2015-03-28,星期六,24℃,16℃,阵雨转多云,微风 小于3级
2015-03-29,星期日,25℃,17℃,阵雨转多云,微风 小于3级
2015-03-30,星期一,29℃,16℃,多云,微风 小于3级
2015-03-31,星期二,30℃,20℃,多云,微风 小于3级
日期,星期,最高温度,最低温度,天气,风向风力
2015-04-01,星期三,32℃,21℃,多云,微风 小于3级
2015-04-02,星期四,30℃,24℃,阵雨转多云,微风 小于3级
2015-04-03,星期五,30℃,20℃,多云,微风 小于3级
2015-04-04,星期六,30℃,22℃,多云转阴,微风 小于3级
2015-04-05,星期日,27℃,16℃,雷阵雨转中雨,微风 小于3级
2015-04-06,星期一,17℃,14℃,阵雨,微风 小于3级
2015-04-07,星期二,15℃,12℃,中雨转阵雨,微风 小于3级
2015-04-08,星期三,16℃,12℃,小雨转阴,微风 小于3级
2015-04-09,星期四,17℃,13℃,阵雨转阴,微风 小于3级
2015-04-10,星期五,19℃,13℃,阴,微风 小于3级
2015-04-11,星期六,24℃,14℃,阴转多云,微风 小于3级
2015-04-12,星期日,25℃,14℃,多云转晴,微风 小于3级
2015-04-13,星期一,24℃,14℃,多云,微风 小于3级
2015-04-14,星期二,27℃,13℃,多云转晴,微风 小于3级
2015-04-15,星期三,29℃,17℃,雷阵雨转多云,微风 小于3级
2015-04-16,星期四,30℃,16℃,晴转多云,微风 小于3级
2015-04-17,星期五,27℃,19℃,雷阵雨转阴,微风 小于3级
2015-04-18,星期六,27℃,21℃,阵雨,微风 小于3级
2015-04-19,星期日,22℃,16℃,小雨转阴,微风 小于3级
2015-04-20,星期一,24℃,15℃,阴转多云,微风 小于3级
2015-04-21,星期二,25℃,17℃,阴转多云,微风 小于3级
2015-04-22,星期三,22℃,16℃,阴转阵雨,微风 小于3级
2015-04-23,星期四,19℃,15℃,小雨,微风 小于3级
2015-04-24,星期五,21℃,15℃,小雨转阴,微风 小于3级
2015-04-25,星期六,25℃,16℃,阴转多云,微风 小于3级
2015-04-26,星期日,27℃,18℃,多云,微风 小于3级
2015-04-27,星期一,28℃,18℃,多云,微风 小于3级
2015-04-28,星期二,30℃,19℃,晴,微风 小于3级
2015-04-29,星期三,34℃,21℃,多云,微风 小于3级
2015-04-30,星期四,32℃,23℃,多云,微风 小于3级
日期,星期,最高温度,最低温度,天气,风向风力
2015-05-01,星期五,27℃,20℃,大雨转阴,微风 小于3级
2015-05-02,星期六,28℃,16℃,晴转多云,微风 小于3级
2015-05-03,星期日,23℃,19℃,阴转阵雨,微风 小于3级
2015-05-04,星期一,21℃,18℃,小雨,微风 小于3级
2015-05-05,星期二,23℃,18℃,小雨,微风 小于3级
2015-05-06,星期三,29℃,17℃,阴转多云,微风 小于3级
2015-05-07,星期四,29℃,19℃,多云转晴,微风 小于3级
2015-05-08,周五,24℃,17℃,多云,微风 小于3级
2015-05-09,周六,24℃,17℃,多云,微风 小于3级
2015-05-10,周日,24℃,17℃,多云,微风 小于3级
2015-05-11,周一,24℃,17℃,多云,微风 小于3级
2015-05-12,星期二,24℃,17℃,多云,微风 小于3级
2015-05-13,星期三,27℃,20℃,多云,微风 小于3级
2015-05-14,星期四,31℃,22℃,多云~阴,微风 小于3级
2015-05-15,星期五,30℃,21℃,多云~阴,微风 小于3级
2015-05-16,星期六,25℃,20℃,阵雨~阴,微风 小于3级
2015-05-17,星期日,26℃,20℃,阴,微风 小于3级
2015-05-18,星期一,23℃,20℃,阵雨,微风 小于3级
2015-05-19,星期二,30℃,21℃,多云,微风 小于3级
2015-05-20,星期三,32℃,21℃,晴~多云,微风 小于3级
2015-05-21,星期四,34℃,23℃,多云,微风 小于3级
2015-05-22,星期五,30℃,22℃,阴~阵雨,微风 小于3级
2015-05-23,星期六,29℃,22℃,阵雨,微风 小于3级
2015-05-24,星期日,24℃,18℃,阵雨~,微风 小于3级
2015-05-25,星期一,27℃,19℃,多云~,微风 小于3级
2015-05-26,星期二,25℃,21℃,阵雨,微风 小于3级
2015-05-27,星期三,25℃,18℃,阴~,微风 小于3级
2015-05-28,星期四,27℃,22℃,阴,微风 小于3级
2015-05-29,星期五,25℃,21℃,阵雨,微风 小于3级
2015-05-30,星期六,23℃,21℃,阴~多云,微风 小于3级
2015-05-31,星期日,30℃,21℃,多云~晴,微风 小于3级
日期,星期,最高温度,最低温度,天气,风向风力
2015-06-01,星期一,29℃,22℃,阵雨,微风 小于3级
2015-06-02,星期二,29℃,23℃,阴~阵雨,微风 小于3级
2015-06-03,星期三,26℃,22℃,小雨~中雨,微风 小于3级
2015-06-04,星期四,24℃,20℃,小雨~多云,微风 小于3级
2015-06-05,星期五,30℃,21℃,多云~阴,微风 小于3级
2015-06-06,星期六,24℃,19℃,小雨,微风 小于3级
2015-06-07,星期日,23℃,21℃,中雨~阴,微风 小于3级
2015-06-08,星期一,25℃,20℃,阴,微风 小于3级
2015-06-09,星期二,29℃,22℃,多云,微风 小于3级
2015-06-10,星期三,32℃,23℃,晴,微风 小于3级
2015-06-11,星期四,34℃,24℃,晴~多云,微风 小于3级
2015-06-12,星期五,33℃,23℃,阴~中雨,微风 小于3级
2015-06-13,星期六,26℃,20℃,阵雨,微风 小于3级
2015-06-14,星期日,26℃,22℃,阴,微风 小于3级
2015-06-15,星期一,27℃,23℃,阵雨~中雨,微风 小于3级
2015-06-16,星期二,25℃,23℃,中雨,微风 小于3级
2015-06-17,星期三,25℃,22℃,阵雨,微风 小于3级
2015-06-18,星期四,29℃,22℃,阴~多云,微风 小于3级
2015-06-19,星期五,31℃,23℃,多云~阵雨,微风 小于3级
2015-06-20,星期六,28℃,23℃,中雨~阵雨,微风 小于3级
2015-06-21,星期日,29℃,23℃,阴,微风 小于3级
2015-06-22,星期一,30℃,24℃,阴~雷雨,微风 小于3级
2015-06-23,星期二,34℃,25℃,阴~中雨,微风 小于3级
2015-06-24,星期三,30℃,24℃,中雨,微风 小于3级
2015-06-25,星期四,31℃,24℃,阵雨~阴,微风 小于3级
2015-06-26,星期五,35℃,28℃,多云,微风 小于3级
2015-06-27,星期六,37℃,28℃,多云,微风 小于3级
2015-06-28,星期日,38℃,28℃,多云,微风 小于3级
2015-06-29,星期一,36℃,27℃,多云~大雨,微风 小于3级
2015-06-30,星期二,28℃,25℃,大雨,微风 小于3级
日期,星期,最高温度,最低温度,天气,风向风力
2015-07-01,星期三,31℃,25℃,中雨~阵雨,微风 小于3级
2015-07-02,星期四,29℃,22℃,阵雨~中雨,微风 小于3级
2015-07-03,星期五,25℃,22℃,中雨,微风 小于3级
2015-07-04,星期六,24℃,20℃,中雨,微风 小于3级
2015-07-05,星期日,26℃,20℃,阵雨~阴,微风 小于3级
2015-07-06,星期一,31℃,21℃,多云,微风 小于3级
2015-07-07,星期二,34℃,22℃,晴,微风 小于3级
2015-07-08,星期三,34℃,23℃,晴~多云,微风 小于3级
2015-07-09,星期四,34℃,23℃,多云,微风 小于3级
2015-07-10,星期五,35℃,24℃,多云,微风 小于3级
2015-07-11,星期六,35℃,24℃,多云,微风 小于3级
2015-07-12,星期日,36℃,26℃,晴~多云,微风 小于3级
2015-07-13,星期一,37℃,23℃,多云~雷雨,微风 小于3级
2015-07-14,星期二,30℃,23℃,大雨~暴雨,微风 小于3级
2015-07-15,星期三,31℃,24℃,阴~多云,微风 小于3级
2015-07-16,星期四,33℃,23℃,多云,微风 小于3级
2015-07-17,星期五,35℃,24℃,多云,微风 小于3级
2015-07-18,星期六,35℃,25℃,多云,微风 小于3级
2015-07-19,星期日,36℃,25℃,多云,微风 小于3级
2015-07-20,星期一,36℃,26℃,多云,微风 小于3级
2015-07-21,星期二,36℃,24℃,阴~大雨,微风 小于3级
2015-07-22,星期三,30℃,24℃,暴雨~阵雨,微风 小于3级
2015-07-23,星期四,33℃,24℃,多云,微风 小于3级
2015-07-24,星期五,35℃,25℃,晴~多云,微风 小于3级
2015-07-25,星期六,37℃,25℃,晴,微风 小于3级
2015-07-26,星期日,37℃,27℃,晴~多云,微风 小于3级
2015-07-27,星期一,35℃,26℃,多云,微风 小于3级
2015-07-28,星期二,36℃,26℃,多云,微风 小于3级
2015-07-29,星期三,36℃,26℃,多云,微风 小于3级
2015-07-30,星期四,36℃,26℃,多云,微风 小于3级
2015-07-31,星期五,37℃,26℃,多云,微风 小于3级
日期,星期,最高温度,最低温度,天气,风向风力
2015-08-01,星期六,37℃,26℃,多云~晴,微风 小于3级
2015-08-02,星期日,37℃,27℃,多云~晴,微风 小于3级
2015-08-03,星期一,38℃,27℃,多云,微风 小于3级
2015-08-04,星期二,35℃,26℃,多云~阵雨,微风 小于3级
2015-08-05,星期三,34℃,25℃,雷阵雨~阴,微风 小于3级
2015-08-06,星期四,34℃,24℃,多云,微风 小于3级
2015-08-07,星期五,34℃,24℃,多云~阴,微风 小于3级
2015-08-08,星期六,31℃,24℃,阵雨~阴,微风 小于3级
2015-08-09,星期日,29℃,23℃,阴~多云,微风 小于3级
2015-08-10,星期一,30℃,24℃,多云,微风 小于3级
2015-08-11,星期二,29℃,24℃,阵雨,微风 小于3级
2015-08-12,星期三,31℃,25℃,阴,微风 小于3级
2015-08-13,星期四,34℃,25℃,多云~阴,微风 小于3级
2015-08-14,星期五,35℃,25℃,多云,微风 小于3级
2015-08-15,星期六,34℃,27℃,多云,微风 小于3级
2015-08-16,星期日,33℃,23℃,多云~雷阵雨,微风 小于3级
2015-08-17,星期一,30℃,21℃,大雨,微风 小于3级
2015-08-18,星期二,25℃,20℃,中雨,微风 小于3级
2015-08-19,星期三,25℃,21℃,阵雨~阴,微风 小于3级
2015-08-20,星期四,27℃,20℃,阴~多云,微风 小于3级
2015-08-21,星期五,32℃,23℃,晴,微风 小于3级
2015-08-22,星期六,33℃,24℃,多云~晴,微风 小于3级
2015-08-23,星期日,33℃,24℃,多云,微风 小于3级
2015-08-24,星期一,31℃,22℃,多云,微风 小于3级
2015-08-25,星期二,29℃,22℃,阵雨~阴,微风 小于3级
2015-08-26,星期三,31℃,24℃,多云~阴,微风 小于3级
2015-08-27,星期四,27℃,22℃,阵雨,微风 小于3级
2015-08-28,星期五,29℃,22℃,多云,微风 小于3级
2015-08-29,星期六,31℃,23℃,多云,微风 小于3级
2015-08-30,星期日,32℃,24℃,多云,微风 小于3级
2015-08-31,星期一,32℃,25℃,多云,微风 小于3级
日期,星期,最高温度,最低温度,天气,风向风力
2015-09-01,星期二,33℃,25℃,多云,微风 小于3级
2015-09-02,星期三,34℃,25℃,多云~阴,微风 小于3级
2015-09-03,星期四,34℃,25℃,多云,微风 小于3级
2015-09-04,星期五,32℃,24℃,雷阵雨~中雨,微风 小于3级
2015-09-05,星期六,28℃,24℃,中雨~阴,微风 小于3级
2015-09-06,星期日,30℃,23℃,多云,微风 小于3级
2015-09-07,星期一,34℃,23℃,多云,微风 小于3级
2015-09-08,星期二,32℃,24℃,多云,微风 小于3级
2015-09-09,星期三,31℃,24℃,阴,微风 小于3级
2015-09-10,星期四,30℃,22℃,阴~中雨,微风 小于3级
2015-09-11,星期五,27℃,21℃,大雨~多云,微风 小于3级
2015-09-12,星期六,26℃,20℃,多云,微风 小于3级
2015-09-13,星期日,24℃,19℃,阴,微风 小于3级
2015-09-14,星期一,27℃,22℃,多云,微风 小于3级
2015-09-15,星期二,29℃,22℃,多云,微风 小于3级
2015-09-16,星期三,28℃,21℃,多云~阵雨,微风 小于3级
2015-09-17,星期四,24℃,19℃,中雨,微风 小于3级
2015-09-18,星期五,22℃,19℃,中雨,微风 小于3级
2015-09-19,星期六,22℃,19℃,阵雨~阴,微风 小于3级
2015-09-20,星期日,25℃,20℃,多云,微风 小于3级
2015-09-21,星期一,27℃,22℃,多云~小雨,微风 小于3级
2015-09-22,星期二,23℃,19℃,中雨~阴,微风 小于3级
2015-09-23,星期三,27℃,20℃,多云~中雨,微风 小于3级
2015-09-24,星期四,24℃,19℃,中雨~小雨,微风 小于3级
2015-09-25,星期五,23℃,20℃,阴,微风 小于3级
2015-09-26,星期六,24℃,20℃,阴~小雨,微风 小于3级
2015-09-27,星期日,23℃,20℃,小雨~阵雨,微风 小于3级
2015-09-28,星期一,24℃,22℃,阵雨,微风 小于3级
2015-09-29,星期二,26℃,21℃,阴~多云,微风 小于3级
2015-09-30,星期三,26℃,20℃,多云~阴,微风 小于3级
日期,星期,最高温度,最低温度,天气,风向风力
2015-10-01,星期四,23℃,16℃,多云,微风 小于3级
2015-10-02,星期五,25℃,18℃,多云~阴,微风 小于3级
2015-10-03,星期六,21℃,17℃,阵雨~小雨,微风 小于3级
2015-10-04,星期日,20℃,18℃,小雨,微风 小于3级
2015-10-05,星期一,24℃,19℃,阴~小雨,微风 小于3级
2015-10-06,星期二,23℃,19℃,阴,微风 小于3级
2015-10-07,星期三,25℃,18℃,阴,微风 小于3级
2015-10-08,星期四,22℃,16℃,小雨,微风 小于3级
2015-10-09,星期五,23℃,18℃,小雨~阴,微风 小于3级
2015-10-10,星期六,25℃,18℃,多云,微风 小于3级
2015-10-11,星期日,26℃,17℃,晴~多云,微风 小于3级
2015-10-12,星期一,27℃,17℃,多云,微风 小于3级
2015-10-13,星期二,27℃,18℃,多云~晴,微风 小于3级
2015-10-14,星期三,28℃,17℃,多云~晴,微风 小于3级
2015-10-15,星期四,27℃,18℃,晴~多云,微风 小于3级
2015-10-16,星期五,29℃,18℃,多云,微风 小于3级
2015-10-17,星期六,25℃,18℃,小雨,微风 小于3级
2015-10-18,星期日,24℃,17℃,阵雨~阴,微风 小于3级
2015-10-19,星期一,25℃,19℃,阵雨~多云,微风 小于3级
2015-10-20,星期二,28℃,19℃,多云,微风 小于3级
2015-10-21,星期三,29℃,19℃,晴~多云,微风 小于3级
2015-10-22,星期四,28℃,20℃,多云~阴,微风 小于3级
2015-10-23,星期五,25℃,19℃,阵雨~小雨,微风 小于3级
2015-10-24,星期六,25℃,19℃,阴~小雨,微风 小于3级
2015-10-25,星期日,25℃,19℃,阴~小雨,微风 小于3级
2015-10-26,星期一,20℃,14℃,小雨,微风 小于3级
2015-10-27,星期二,19℃,14℃,阴,微风 小于3级
2015-10-28,星期三,19℃,15℃,阴~小雨,微风 小于3级
2015-10-29,星期四,19℃,15℃,阴~小雨,微风 小于3级
2015-10-30,星期五,19℃,14℃,阴~小雨,微风 小于3级
2015-10-31,星期六,17℃,13℃,阵雨~阴,微风 小于3级
日期,星期,最高温度,最低温度,天气,风向风力
2015-11-01,星期日,19℃,12℃,多云,微风 小于3级
2015-11-02,星期一,20℃,16℃,晴~阴,微风 小于3级
2015-11-03,星期二,20℃,16℃,阴~小雨,微风 小于3级
2015-11-04,星期三,20℃,17℃,阴~小雨,微风 小于3级
2015-11-05,星期四,19℃,16℃,小雨,微风 小于3级
2015-11-06,星期五,18℃,16℃,阵雨~小雨,微风 小于3级
2015-11-07,星期六,19℃,14℃,阴~小雨,微风 小于3级
2015-11-08,星期日,20℃,14℃,阴,微风 小于3级
2015-11-09,星期一,21℃,14℃,多云~小雨,微风 小于3级
2015-11-10,星期二,17℃,15℃,小雨,微风 小于3级
2015-11-11,星期三,18℃,14℃,阴~小雨,微风 小于3级
2015-11-12,星期四,15℃,13℃,阴,微风 小于3级
2015-11-13,星期五,19℃,14℃,多云,微风 小于3级
2015-11-14,星期六,20℃,16℃,多云~小雨,微风 小于3级
2015-11-15,星期日,18℃,14℃,阴,微风 小于3级
2015-11-16,星期一,18℃,14℃,阴,微风 小于3级
2015-11-17,星期二,17℃,15℃,小雨~阴,微风 小于3级
2015-11-18,星期三,19℃,17℃,阴,微风 小于3级
2015-11-19,星期四,17℃,13℃,阴~多云,微风 小于3级
2015-11-20,星期五,21℃,15℃,多云,微风 小于3级
2015-11-21,星期六,21℃,16℃,多云,微风 小于3级
2015-11-22,星期日,22℃,16℃,多云~阴,微风 小于3级
2015-11-23,星期一,20℃,16℃,阴~小雨,微风 小于3级
2015-11-24,星期二,16℃,13℃,小雨,微风 小于3级
2015-11-25,星期三,16℃,11℃,多云,微风 小于3级
2015-11-26,星期四,15℃,10℃,阴,微风 小于3级
2015-11-27,星期五,14℃,10℃,阴~小雨,微风 小于3级
2015-11-28,星期六,13℃,11℃,小雨~多云,微风 小于3级
2015-11-29,星期日,16℃,10℃,多云,微风 小于3级
2015-11-30,星期一,14℃,11℃,多云~阴,微风 小于3级
日期,星期,最高温度,最低温度,天气,风向风力
2015-12-01,星期二,14℃,11℃,阴~小雨,微风 小于3级
2015-12-02,星期三,14℃,11℃,阴,微风 小于3级
2015-12-03,星期四,13℃,10℃,阴~小雨,微风 小于3级
2015-12-04,星期五,11℃,9℃,小雨,微风 小于3级
2015-12-05,星期六,14℃,10℃,阴~多云,微风 小于3级
2015-12-06,星期日,15℃,10℃,多云,微风 小于3级
2015-12-07,星期一,16℃,9℃,多云~阴,微风 小于3级
2015-12-08,星期二,14℃,9℃,阴,微风 小于3级
2015-12-09,星期三,16℃,11℃,阴,微风 小于3级
2015-12-10,星期四,15℃,11℃,阴,微风 小于3级
2015-12-11,星期五,14℃,10℃,小雨,微风 小于3级
2015-12-12,星期六,12℃,9℃,小雨,微风 小于3级
2015-12-13,星期日,11℃,9℃,小雨,微风 小于3级
2015-12-14,星期一,9℃,6℃,小雨,微风 小于3级
2015-12-15,星期二,9℃,5℃,阴,微风 小于3级
2015-12-16,星期三,11℃,5℃,多云,微风 小于3级
2015-12-17,星期四,12℃,7℃,多云~阴,微风 小于3级
2015-12-18,星期五,8℃,5℃,阴,微风 小于3级
2015-12-19,星期六,8℃,5℃,小雨,微风 小于3级
2015-12-20,星期日,10℃,7℃,阴~小雨,微风 小于3级
2015-12-21,星期一,10℃,6℃,阴~小雨,微风 小于3级
2015-12-22,星期二,10℃,7℃,阴,微风 小于3级
2015-12-23,星期三,10℃,6℃,阴~小雨,微风 小于3级
2015-12-24,星期四,10℃,6℃,小雨,微风 小于3级
2015-12-25,星期五,11℃,7℃,阴,微风 小于3级
2015-12-26,星期六,12℃,5℃,多云,微风 小于3级
2015-12-27,星期日,13℃,6℃,多云,微风 小于3级
2015-12-28,星期一,11℃,8℃,阴~小雨,微风 小于3级
2015-12-29,星期二,10℃,7℃,阴,微风 小于3级
2015-12-30,星期三,11℃,8℃,阴,微风 小于3级
2015-12-31,星期四,13℃,8℃,阴,微风 小于3级
日期,星期,最高温度,最低温度,天气,风向风力
2016-01-01,星期五,12℃,8℃,阴,微风 小于3级
2016-01-02,星期六,14℃,8℃,阴,微风 小于3级
2016-01-03,星期日,13℃,8℃,阴,微风 小于3级
2016-01-04,星期一,14℃,8℃,阴~多云,微风 小于3级
2016-01-05,星期二,16℃,10℃,多云,微风 小于3级
2016-01-06,星期三,12℃,8℃,小雨,微风 小于3级
2016-01-07,星期四,11℃,8℃,阴,微风 小于3级
2016-01-08,星期五,11℃,8℃,阴,微风 小于3级
2016-01-09,星期六,10℃,7℃,小雨,微风 小于3级
2016-01-10,星期日,9℃,7℃,小雨~阴,微风 小于3级
2016-01-11,星期一,11℃,8℃,多云~小雨,微风 小于3级
2016-01-12,星期二,10℃,7℃,阴~小雨,微风 小于3级
2016-01-13,星期三,11℃,8℃,阴~小雨,微风 小于3级
2016-01-14,星期四,10℃,7℃,小雨~阴,微风 小于3级
2016-01-15,星期五,12℃,8℃,多云~小雨,微风 小于3级
2016-01-16,星期六,11℃,7℃,小雨~阴,微风 小于3级
2016-01-17,星期日,13℃,7℃,多云,微风 小于3级
2016-01-18,星期一,13℃,8℃,多云~小雨,微风 小于3级
2016-01-19,星期二,12℃,7℃,阴~小雨,微风 小于3级
2016-01-20,星期三,8℃,7℃,小雨,微风 小于3级
2016-01-21,星期四,8℃,5℃,小雨,微风 小于3级
2016-01-22,星期五,6℃,3℃,小雨~雨夹雪,微风 小于3级
2016-01-23,星期六,4℃,0℃,雨夹雪~阴,微风 小于3级
2016-01-24,星期日,4℃,-1℃,阴,微风 小于3级
2016-01-25,星期一,6℃,2℃,晴~阴,微风 小于3级
2016-01-26,星期二,7℃,3℃,阴,微风 小于3级
2016-01-27,星期三,8℃,4℃,阴,微风 小于3级
2016-01-28,星期四,9℃,5℃,阴,微风 小于3级
2016-01-29,星期五,10℃,6℃,多云~阴,微风 小于3级
2016-01-30,星期六,12℃,7℃,阴~小雨,微风 小于3级
2016-01-31,星期日,8℃,5℃,小雨,微风 小于3级
日期,星期,最高温度,最低温度,天气,风向风力
2016-02-01,星期一,7℃,5℃,小雨,微风 小于3级
2016-02-02,星期二,9℃,5℃,阴~多云,微风 小于3级
2016-02-03,星期三,8℃,5℃,阴~小雨,微风 小于3级
2016-02-04,星期四,9℃,4℃,阴~多云,微风 小于3级
2016-02-05,星期五,11℃,6℃,多云,微风 小于3级
2016-02-06,星期六,11℃,4℃,多云,微风 小于3级
2016-02-07,星期日,16℃,6℃,晴,微风 小于3级
2016-02-08,星期一,16℃,7℃,多云,微风 小于3级
2016-02-09,星期二,15℃,10℃,阴,微风 小于3级
2016-02-10,星期三,15℃,9℃,阴,微风 小于3级
2016-02-11,星期四,16℃,10℃,阴,微风 小于3级
2016-02-12,星期五,16℃,8℃,阴,微风 小于3级
2016-02-13,星期六,11℃,5℃,阴~小雨,微风 小于3级
2016-02-14,星期日,6℃,4℃,小雨~阴,微风 小于3级
2016-02-15,星期一,7℃,5℃,阴,微风 小于3级
2016-02-16,星期二,10℃,6℃,阴,微风 小于3级
2016-02-17,星期三,12℃,5℃,阴,微风 小于3级
2016-02-18,星期四,14℃,7℃,多云~阴,微风 小于3级
2016-02-19,星期五,13℃,7℃,阴,微风 小于3级
2016-02-20,星期六,14℃,9℃,阴,微风 小于3级
2016-02-21,星期日,12℃,7℃,小雨,微风 小于3级
2016-02-22,星期一,12℃,8℃,阴,微风 小于3级
2016-02-23,星期二,11℃,8℃,小雨~阴,微风 小于3级
2016-02-24,星期三,12℃,7℃,阴,微风 小于3级
2016-02-25,星期四,14℃,7℃,阴~多云,微风 小于3级
2016-02-26,星期五,17℃,8℃,多云,微风 小于3级
2016-02-27,星期六,21℃,9℃,晴,微风 小于3级
2016-02-28,星期日,22℃,9℃,晴,微风 小于3级
2016-02-29,星期一,24℃,12℃,晴~多云,微风 小于3级
日期,星期,最高温度,最低温度,天气,风向风力
2016-03-01,星期二,22℃,13℃,多云,微风 小于3级
2016-03-02,星期三,24℃,13℃,多云,微风 小于3级
2016-03-03,星期四,22℃,13℃,多云,微风 小于3级
2016-03-04,星期五,23℃,13℃,多云,微风 小于3级
2016-03-05,星期六,24℃,14℃,多云~晴,微风 小于3级
2016-03-06,星期日,25℃,15℃,晴~多云,微风 小于3级
2016-03-07,星期一,22℃,18℃,阴~阵雨,微风 小于3级
2016-03-08,星期二,20℃,14℃,阵雨,微风 小于3级
2016-03-09,星期三,13℃,8℃,阵雨,微风 小于3级
2016-03-10,星期四,11℃,8℃,阵雨~阴,微风 小于3级
2016-03-11,星期五,15℃,9℃,多云,微风 小于3级
2016-03-12,星期六,16℃,10℃,多云~阴,微风 小于3级
2016-03-13,星期日,15℃,11℃,阴,微风 小于3级
2016-03-14,星期一,16℃,12℃,阴,微风 小于3级
2016-03-15,星期二,17℃,12℃,阴,微风 小于3级
2016-03-16,星期三,19℃,14℃,阴,微风 小于3级
2016-03-17,星期四,19℃,13℃,阴~多云,微风 小于3级
2016-03-18,星期五,24℃,14℃,多云~晴,微风 小于3级
2016-03-19,星期六,24℃,15℃,多云~雷阵雨,微风 小于3级
2016-03-20,星期日,21℃,14℃,阴~阵雨,微风 小于3级
2016-03-21,星期一,17℃,15℃,阴~阵雨,微风 小于3级
2016-03-22,星期二,18℃,13℃,阵雨,微风 小于3级
2016-03-23,星期三,15℃,11℃,小雨,微风 小于3级
2016-03-24,星期四,15℃,10℃,阵雨~多云,微风 小于3级
2016-03-25,星期五,20℃,11℃,晴,微风 小于3级
2016-03-26,星期六,21℃,11℃,晴,微风 小于3级
2016-03-27,星期日,22℃,14℃,多云,微风 小于3级
2016-03-28,星期一,19℃,12℃,阴~阵雨,微风 小于3级
2016-03-29,星期二,18℃,13℃,阵雨,微风 小于3级
2016-03-30,星期三,20℃,12℃,多云,微风 小于3级
2016-03-31,星期四,21℃,14℃,多云,微风 小于3级
日期,星期,最高温度,最低温度,天气,风向风力
2016-04-01,星期五,23℃,17℃,多云~雷阵雨,微风 小于3级
2016-04-02,星期六,23℃,14℃,多云~雷阵雨,微风 小于3级
2016-04-03,星期日,27℃,17℃,多云,微风 小于3级
2016-04-04,星期一,27℃,19℃,多云~阵雨,微风 小于3级
2016-04-05,星期二,24℃,18℃,阵雨,微风 小于3级
2016-04-06,星期三,18℃,15℃,阵雨~阴,微风 小于3级
2016-04-07,星期四,25℃,17℃,多云~中雨,微风 小于3级
2016-04-08,星期五,21℃,17℃,阵雨,微风 小于3级
2016-04-09,星期六,21℃,16℃,阵雨~阴,微风 小于3级
2016-04-10,星期日,25℃,17℃,多云,微风 小于3级
2016-04-11,星期一,26℃,18℃,多云~阵雨,微风 小于3级
2016-04-12,星期二,24℃,17℃,阵雨,微风 小于3级
2016-04-13,星期三,23℃,17℃,小雨,微风 小于3级
2016-04-14,星期四,21℃,17℃,阴,微风 小于3级
2016-04-15,星期五,22℃,15℃,阴~阵雨,微风 小于3级
2016-04-16,星期六,26℃,16℃,多云~中雨,微风 小于3级
2016-04-17,星期日,22℃,14℃,阴~多云,微风 小于3级
2016-04-18,星期一,26℃,15℃,晴~阴,微风 小于3级
2016-04-19,星期二,26℃,18℃,多云~中雨,微风 小于3级
2016-04-20,星期三,23℃,16℃,阴~阵雨,微风 小于3级
2016-04-21,星期四,22℃,17℃,小雨~中雨,微风 小于3级
2016-04-22,星期五,18℃,16℃,中雨~阵雨,微风 小于3级
2016-04-23,星期六,23℃,16℃,阴~阵雨,微风 小于3级
2016-04-24,星期日,20℃,17℃,阵雨,微风 小于3级
2016-04-25,星期一,20℃,17℃,阴~阵雨,微风 小于3级
2016-04-26,星期二,23℃,14℃,阴~多云,微风 小于3级
2016-04-27,星期三,27℃,17℃,多云,微风 小于3级
2016-04-28,星期四,28℃,19℃,多云~阴,微风 小于3级
2016-04-29,星期五,26℃,20℃,阴~阵雨,微风 小于3级
2016-04-30,星期六,25℃,19℃,阴~多云,微风 小于3级
日期,星期,最高温度,最低温度,天气,风向风力
2016-05-01,星期日,28℃,20℃,多云,微风 小于3级
2016-05-02,星期一,30℃,21℃,多云~晴,微风 小于3级
2016-05-03,星期二,32℃,20℃,晴~阴,微风 小于3级
2016-05-04,星期三,33℃,21℃,多云,微风 小于3级
2016-05-05,星期四,33℃,23℃,多云,微风 小于3级
2016-05-06,星期五,32℃,22℃,雷阵雨~中雨,微风 小于3级
2016-05-07,星期六,25℃,18℃,中雨~小雨,微风 小于3级
2016-05-08,星期日,22℃,18℃,小雨~阵雨,微风 小于3级
2016-05-09,星期一,28℃,17℃,多云,微风 小于3级
2016-05-10,星期二,31℃,19℃,晴,微风 小于3级
2016-05-11,星期三,33℃,20℃,晴~多云,微风 小于3级
2016-05-12,星期四,32℃,20℃,雷阵雨~中雨,微风 小于3级
2016-05-13,星期五,29℃,19℃,阴~中雨,微风 小于3级
2016-05-14,星期六,21℃,16℃,中雨~阵雨,微风 小于3级
2016-05-15,星期日,24℃,16℃,多云,微风 小于3级
2016-05-16,星期一,28℃,17℃,晴~多云,微风 小于3级
2016-05-17,星期二,26℃,19℃,阴,微风 小于3级
2016-05-18,星期三,26℃,20℃,阴~中雨,微风 小于3级
2016-05-19,星期四,24℃,18℃,阵雨,微风 小于3级
2016-05-20,星期五,29℃,18℃,多云,微风 小于3级
2016-05-21,星期六,28℃,20℃,多云~阴,微风 小于3级
2016-05-22,星期日,24℃,19℃,阵雨~中雨,微风 小于3级
2016-05-23,星期一,23℃,19℃,阵雨~多云,微风 小于3级
2016-05-24,星期二,29℃,19℃,多云~阴,微风 小于3级
2016-05-25,星期三,26℃,18℃,阴~中雨,微风 小于3级
2016-05-26,星期四,21℃,17℃,小雨,微风 小于3级
2016-05-27,星期五,20℃,17℃,阴~小雨,微风 小于3级
2016-05-28,星期六,22℃,17℃,阴,微风 小于3级
2016-05-29,星期日,27℃,20℃,多云,微风 小于3级
2016-05-30,星期一,29℃,22℃,阴,微风 小于3级
2016-05-31,星期二,30℃,23℃,阴~中雨,微风 小于3级
日期,星期,最高温度,最低温度,天气,风向风力
2016-06-01,星期三,30℃,24℃,多云~雷阵雨,微风 小于3级
2016-06-02,星期四,29℃,22℃,多云~中雨,微风 小于3级
2016-06-03,星期五,25℃,19℃,小雨~阴,微风 小于3级
2016-06-04,星期六,30℃,20℃,多云,微风 小于3级
2016-06-05,星期日,34℃,24℃,多云,暂无实况 
2016-06-06,星期一,34℃,24℃,多云,微风 小于3级
2016-06-07,星期二,32℃,22℃,阴~多云,微风 小于3级
2016-06-08,星期三,33℃,23℃,多云~阵雨,微风 小于3级
2016-06-09,星期四,30℃,21℃,阴~中雨,微风 小于3级
2016-06-10,星期五,26℃,21℃,阵雨,微风 小于3级
2016-06-11,星期六,25℃,21℃,阵雨~阴,微风 小于3级
2016-06-12,星期日,30℃,22℃,多云,微风 小于3级
2016-06-13,星期一,33℃,23℃,晴~阴,微风 小于3级
2016-06-14,星期二,32℃,24℃,阵雨~中雨,微风 小于3级
2016-06-15,星期三,24℃,20℃,阵雨~多云,微风 小于3级
2016-06-16,星期四,32℃,22℃,晴,微风 小于3级
2016-06-17,星期五,35℃,24℃,晴~阴,微风 小于3级
2016-06-18,星期六,35℃,24℃,阴~暴雨,微风 小于3级
2016-06-19,星期日,32℃,23℃,大雨~中雨,微风 小于3级
2016-06-20,星期一,30℃,24℃,阵雨~阴,微风 小于3级
2016-06-21,星期二,34℃,25℃,多云,微风 小于3级
2016-06-23,星期四,34℃,26℃,多云~中雨,微风 小于3级
2016-06-24,星期五,27℃,23℃,中雨,微风 小于3级
2016-06-25,星期六,27℃,21℃,阴~阵雨,微风 小于3级
2016-06-26,星期日,22℃,20℃,阵雨~大雨,微风 小于3级
2016-06-27,星期一,25℃,20℃,阴~中雨,微风 小于3级
2016-06-28,星期二,26℃,22℃,阵雨~多云,微风 小于3级
2016-06-29,星期三,33℃,23℃,多云~雷阵雨,微风 小于3级
2016-06-30,星期四,26℃,22℃,暴雨~中雨,微风 小于3级
日期,星期,最高温度,最低温度,天气,风向风力
2016-07-01,星期五,30℃,23℃,多云,微风 小于3级
2016-07-02,星期六,32℃,24℃,多云,微风 小于3级
2016-07-03,星期日,32℃,25℃,阴~多云,微风 小于3级
2016-07-04,星期一,33℃,24℃,多云,微风 小于3级
2016-07-05,星期二,34℃,24℃,多云~阴,微风 小于3级
2016-07-06,星期三,33℃,26℃,多云,微风 小于3级
2016-07-07,星期四,36℃,27℃,多云,微风 小于3级
2016-07-08,星期五,37℃,28℃,晴~多云,微风 小于3级
2016-07-09,星期六,38℃,28℃,晴~多云,微风 小于3级
2016-07-10,星期日,35℃,27℃,多云,微风 小于3级
2016-07-11,星期一,37℃,27℃,多云,微风 小于3级
2016-07-12,星期二,36℃,29℃,阴~阵雨,微风 小于3级
2016-07-13,星期三,34℃,27℃,阵雨~中雨,微风 小于3级
2016-07-14,星期四,28℃,23℃,大雨转阵雨,微风 小于3级
2016-07-15,星期五,30℃,22℃,多云转晴,微风 小于3级
2016-07-16,星期六,35℃,25℃,晴转多云,微风 小于3级
2016-07-17,星期日,34℃,25℃,多云转阴,微风 小于3级
2016-07-18,星期一,34℃,25℃,雷阵雨转大雨,微风 小于3级
2016-07-19,星期二,30℃,25℃,小雨,微风 小于3级
2016-07-20,星期三,36℃,25℃,多云,微风 小于3级
2016-07-21,星期四,38℃,29℃,晴,微风 小于3级
2016-07-22,星期五,38℃,29℃,晴,微风 小于3级
2016-07-23,星期六,37℃,28℃,多云,微风 小于3级
2016-07-24,星期日,39℃,28℃,多云,微风 小于3级
2016-07-25,星期一,38℃,28℃,晴,微风 小于3级
2016-07-26,星期二,39℃,28℃,晴,微风 小于3级
2016-07-27,星期三,36℃,26℃,多云,微风 小于3级
2016-07-28,星期四,34℃,26℃,阴,微风 小于3级
2016-07-29,星期五,36℃,26℃,多云,微风 小于3级
2016-07-30,星期六,37℃,27℃,多云,微风 小于3级
2016-07-31,星期日,36℃,28℃,多云,微风 小于3级
日期,星期,最高温度,最低温度,天气,风向风力
2016-08-01,星期一,33℃,26℃,多云,微风 小于3级
2016-08-02,星期二,35℃,26℃,多云,微风 小于3级
2016-08-03,星期三,34℃,25℃,多云,南风 2级
2016-08-04,星期四,32℃,25℃,多云,东风 1级
2016-08-05,星期五,31℃,26℃,阴,南风 1级
2016-08-06,星期六,32℃,24℃,多云,西北风 1级
2016-08-07,星期日,32℃,23℃,多云,北风 2级
2016-08-08,星期一,34℃,25℃,阵雨,西北风 2级
2016-08-09,星期二,33℃,25℃,阵雨,北风 2级
2016-08-10,星期三,34℃,26℃,阴,西风 1级
2016-08-11,星期四,36℃,27℃,多云,西北风 2级
2016-08-12,星期五,37℃,27℃,多云,北风 2级
2016-08-13,星期六,36℃,27℃,多云,西北风 1级
2016-08-14,星期日,38℃,27℃,多云,西风 1级
2016-08-15,星期一,38℃,27℃,阴,西北风 2级
2016-08-16,星期二,37℃,29℃,晴,南风 2级
2016-08-17,星期三,40℃,28℃,晴,东南风 1级
2016-08-18,星期四,39℃,29℃,晴,西北风 2级
2016-08-19,星期五,39℃,30℃,晴,北风 2级
2016-08-20,星期六,39℃,29℃,晴,西南风 2级
2016-08-21,星期日,39℃,30℃,多云,西北风 2级
2016-08-22,星期一,38℃,28℃,晴,西北风 1级
2016-08-23,星期二,39℃,30℃,晴,东南风 1级
2016-08-24,星期三,40℃,30℃,晴,西北风 2级
2016-08-25,星期四,40℃,27℃,晴,西北风 2级
2016-08-26,星期五,32℃,25℃,雷阵雨,西风 2级
2016-08-27,星期六,29℃,24℃,阵雨,北风 2级
2016-08-28,星期日,29℃,23℃,阴,东北风 1级
2016-08-29,星期一,28℃,21℃,阴,北风 2级
2016-08-30,星期二,22℃,19℃,小雨,北风 1级
2016-08-31,星期三,23℃,20℃,小雨,南风 1级
日期,星期,最高温度,最低温度,天气,风向风力
2016-09-01,星期四,30℃,21℃,多云,南风 2级
2016-09-02,星期五,32℃,22℃,晴,东南风 1级
2016-09-03,星期六,31℃,25℃,阴,北风 2级
2016-09-04,星期日,26℃,23℃,阵雨,西南风 1级
2016-09-05,星期一,25℃,21℃,阵雨,西北风 2级
2016-09-06,星期二,23℃,20℃,阵雨,西南风 1级
2016-09-07,星期三,28℃,21℃,阴,东风 2级
2016-09-08,星期四,22℃,20℃,中雨,东南风 1级
2016-09-09,星期五,23℃,20℃,中雨,西风 1级
2016-09-10,星期六,30℃,20℃,多云,西南风 1级
2016-09-11,星期日,32℃,21℃,晴,西风 1级
2016-09-12,星期一,33℃,23℃,多云,西北风 1级
2016-09-13,星期二,33℃,24℃,多云,西北风 2级
2016-09-14,星期三,29℃,22℃,阴,西风 1级
2016-09-15,星期四,25℃,20℃,小雨,西北风 1级
2016-09-16,星期五,30℃,20℃,晴,西风 1级
2016-09-17,星期六,30℃,21℃,多云,西北风 1级
2016-09-18,星期日,28℃,21℃,多云,东北风 2级
2016-09-19,星期一,23℃,19℃,小雨,北风 1级
2016-09-20,星期二,23℃,19℃,阵雨,西北风 2级
2016-09-21,星期三,26℃,19℃,阴,西风 1级
2016-09-22,星期四,28℃,20℃,多云,西北风 1级
2016-09-23,星期五,27℃,21℃,小雨,西南风 1级
2016-09-24,星期六,23℃,20℃,小雨,西北风 1级
2016-09-25,星期日,25℃,20℃,阴,北风 1级
2016-09-26,星期一,24℃,21℃,阴,西风 1级
2016-09-27,星期二,24℃,20℃,小雨,西北风 1级
2016-09-28,星期三,26℃,21℃,阴,北风 2级
2016-09-29,星期四,25℃,20℃,阴,西北风 1级
2016-09-30,星期五,28℃,20℃,多云,西风 1级
日期,星期,最高温度,最低温度,天气,风向风力
2016-10-01,星期六,29℃,21℃,多云,西南风 1级
2016-10-02,星期日,32℃,21℃,晴,西风 1级
2016-10-03,星期一,33℃,22℃,晴,西北风 1级
2016-10-04,星期二,33℃,21℃,晴,北风 1级
2016-10-05,星期三,30℃,21℃,晴,西北风 2级
2016-10-06,星期四,30℃,21℃,晴,北风 1级
2016-10-07,星期五,25℃,20℃,阴,西北风 1级
2016-10-08,星期六,22℃,20℃,小雨,北风 微风
2016-10-09,星期日,20℃,17℃,小雨,东北风 1级
2016-10-10,星期一,18℃,15℃,小雨,西北风 1级
2016-10-11,星期二,18℃,16℃,小雨,西风 1级
2016-10-12,星期三,18℃,16℃,小雨,东南风 1级
2016-10-13,星期四,18℃,16℃,小雨,西北风 1级
2016-10-14,星期五,19℃,16℃,小雨,西北风 2级
2016-10-15,星期六,19℃,16℃,小雨,西北风 1级
2016-10-16,星期日,21℃,17℃,小雨,西北风 1级
2016-10-17,星期一,23℃,17℃,阴,西北风 2级
2016-10-18,星期二,24℃,18℃,阴,西北风 1级
2016-10-19,星期三,26℃,19℃,多云,西北风 2级
2016-10-20,星期四,26℃,20℃,阴,西北风 1级
2016-10-21,星期五,27℃,20℃,多云,西北风 1级
2016-10-22,星期六,27℃,21℃,阴,西北风 2级
2016-10-23,星期日,25℃,22℃,小雨,西北风 2级
2016-10-24,星期一,22℃,19℃,小雨,西北风 1级
2016-10-25,星期二,23℃,18℃,小雨,北风 2级
2016-10-26,星期三,21℃,18℃,小雨,北风 2级
2016-10-27,星期四,20℃,15℃,小雨,西北风 2级
2016-10-28,星期五,14℃,11℃,阴,西北风 2级
2016-10-29,星期六,14℃,11℃,小雨,西风 1级
2016-10-30,星期日,15℃,12℃,阴,北风 1级
2016-10-31,星期一,16℃,13℃,阴,西南风 1级
日期,星期,最高温度,最低温度,天气,风向风力
2016-11-01,星期二,17℃,14℃,阴,西北风 1级
2016-11-02,星期三,19℃,15℃,阴,西北风 1级
2016-11-03,星期四,20℃,14℃,多云,西风 1级
2016-11-04,星期五,22℃,13℃,多云,西南风 1级
2016-11-05,星期六,21℃,17℃,阴,西风 1级
2016-11-06,星期日,19℃,14℃,阴,西风 1级
2016-11-07,星期一,15℃,11℃,小雨,西北风 1级
2016-11-08,星期二,11℃,9℃,小雨,北风 1级
2016-11-09,星期三,12℃,9℃,小雨,西北风 1级
2016-11-10,星期四,17℃,10℃,多云,东北风 1级
2016-11-11,星期五,18℃,10℃,多云,西北风 1级
2016-11-12,星期六,16℃,13℃,阴,北风 1级
2016-11-13,星期日,16℃,14℃,阴,西北风 1级
2016-11-14,星期一,16℃,14℃,阴,西北风 1级
2016-11-15,星期二,18℃,14℃,阴,西北风 2级
2016-11-16,星期三,19℃,16℃,阴,西南风 1级
2016-11-17,星期四,20℃,16℃,阴,西北风 1级
2016-11-18,星期五,21℃,15℃,多云,西北风 1级
2016-11-19,星期六,16℃,0℃,阴,无持续风向 小于3级
2016-11-20,星期日,20℃,15℃,阴,东南风 2级
2016-11-21,星期一,21℃,15℃,多云,西风 2级
2016-11-22,星期二,16℃,7℃,小雨,西北风 3级
2016-11-23,星期三,10℃,8℃,小雨,西北风 1级
2016-11-24,星期四,10℃,8℃,阴,东北风 1级
2016-11-25,星期五,10℃,8℃,小雨,西北风 2级
2016-11-26,星期六,14℃,7℃,多云,南风 1级
2016-11-27,星期日,15℃,8℃,多云,西北风 2级
2016-11-28,星期一,14℃,10℃,阴,北风 1级
2016-11-29,星期二,13℃,10℃,小雨,西风 2级
2016-11-30,星期三,15℃,9℃,多云,西北风 1级
日期,星期,最高温度,最低温度,天气,风向风力
2016-12-01,星期四,15℃,7℃,多云,西北风 1级
2016-12-02,星期五,13℃,10℃,阴,西北风 1级
2016-12-03,星期六,12℃,8℃,阴,西南风 1级
2016-12-04,星期日,15℃,8℃,雾,西北风 1级
2016-12-05,星期一,15℃,7℃,雾,西南风 1级
2016-12-06,星期二,15℃,8℃,多云,北风 1级
2016-12-07,星期三,15℃,10℃,多云,西风 1级
2016-12-08,星期四,18℃,9℃,晴,东风 1级
2016-12-09,星期五,17℃,10℃,多云,西北风 2级
2016-12-10,星期六,13℃,11℃,阴,西北风 2级
2016-12-11,星期日,14℃,11℃,小雨,西北风 1级
2016-12-12,星期一,13℃,11℃,阴,西南风 1级
2016-12-13,星期二,14℃,11℃,阴,东北风 1级
2016-12-14,星期三,13℃,10℃,小雨,西北风 1级
2016-12-15,星期四,11℃,9℃,小雨,西北风 1级
2016-12-16,星期五,13℃,8℃,多云,西北风 2级
2016-12-17,星期六,14℃,8℃,阴,西风 1级
2016-12-18,星期日,14℃,10℃,多云,西北风 1级
2016-12-19,星期一,13℃,11℃,阴,西北风 1级
2016-12-20,星期二,12℃,10℃,小雨,西北风 1级
2016-12-21,星期三,12℃,8℃,阴,南风 1级
2016-12-22,星期四,14℃,8℃,雾,西北风 2级
2016-12-23,星期五,12℃,9℃,小雨,西北风 2级
2016-12-24,星期六,9℃,0℃,小雨,无持续风向 小于3级
2016-12-25,星期日,12℃,9℃,小雨,北风 1级
2016-12-26,星期一,10℃,7℃,小雨,西风 1级
2016-12-27,星期二,11℃,7℃,多云,西北风 1级
2016-12-28,星期三,14℃,6℃,多云,东北风 1级
2016-12-29,星期四,14℃,8℃,多云,西北风 2级
2016-12-30,星期五,14℃,10℃,多云,西北风 1级
2016-12-31,星期六,13℃,10℃,阴,西北风 1级
日期,星期,最高温度,最低温度,天气,风向风力
2017-01-01,星期日,13℃,10℃,阴,西北风 1级
2017-01-02,星期一,13℃,10℃,阴,北风 1级
2017-01-03,星期二,14℃,8℃,阴,北风 微风
2017-01-04,星期三,13℃,11℃,阴,北风 1级
2017-01-05,星期四,14℃,11℃,阴,西北风 1级
2017-01-06,星期五,14℃,10℃,阴,西北风 2级
2017-01-07,星期六,14℃,9℃,阴,西北风 2级
2017-01-08,星期日,13℃,11℃,阴,西北风 2级
2017-01-09,星期一,12℃,10℃,小雨,西北风 2级
2017-01-10,星期二,11℃,9℃,小雨,西北风 2级
2017-01-11,星期三,7℃,5℃,小雨,北风 2级
2017-01-12,星期四,9℃,6℃,阴,东南风 1级
2017-01-13,星期五,10℃,5℃,阴,东北风 1级
2017-01-14,星期六,10℃,6℃,阴,西风 1级
2017-01-15,星期日,12℃,7℃,阴,西风 2级
2017-01-16,星期一,9℃,7℃,阴,东风 1级
2017-01-17,星期二,12℃,6℃,阴,东风 2级
2017-01-18,星期三,12℃,8℃,阴,西北风 2级
2017-01-19,星期四,11℃,8℃,阴,西北风 2级
2017-01-20,星期五,12℃,7℃,阴,西北风 1级
2017-01-21,星期六,13℃,6℃,多云,西北风 1级
2017-01-22,星期日,16℃,6℃,多云,西北风 2级
2017-01-23,星期一,13℃,9℃,阴,西北风 1级
2017-01-24,星期二,12℃,7℃,阴,西北风 1级
2017-01-25,星期三,15℃,6℃,多云,西北风 1级
2017-01-26,星期四,13℃,10℃,阴,南风 1级
2017-01-27,星期五,13℃,10℃,阴,东北风 2级
2017-01-28,星期六,12℃,9℃,小雨,北风 微风
2017-01-29,星期日,14℃,9℃,多云,东风 1级
2017-01-30,星期一,13℃,7℃,阴,西北风 2级
2017-01-31,星期二,11℃,8℃,阴,北风 1级
日期,星期,最高温度,最低温度,天气,风向风力
2017-02-01,星期三,10℃,8℃,小雨,东北风 2级
2017-02-02,星期四,10℃,8℃,阴,西北风 2级
2017-02-03,星期五,12℃,7℃,阴,西北风 1级
2017-02-04,星期六,15℃,6℃,晴,西北风 2级
2017-02-05,星期日,15℃,7℃,多云,西北风 1级
2017-02-06,星期一,13℃,10℃,阴,西北风 2级
2017-02-07,星期二,10℃,7℃,小雨,北风 2级
2017-02-08,星期三,10℃,4℃,多云,东风 2级
2017-02-09,星期四,13℃,7℃,多云,北风 1级
2017-02-10,星期五,9℃,7℃,阴,北风 1级
2017-02-11,星期六,11℃,4℃,阴,西北风 1级
2017-02-12,星期日,13℃,4℃,多云,西北风 1级
2017-02-13,星期一,13℃,6℃,阴,北风 微风
2017-02-14,星期二,12℃,9℃,阴,东南风 1级
2017-02-15,星期三,14℃,7℃,阴,西北风 1级
2017-02-16,星期四,17℃,8℃,多云,东风 2级
2017-02-17,星期五,16℃,11℃,阴,东南风 1级
2017-02-18,星期六,17℃,12℃,阴,东北风 2级
2017-02-19,星期日,19℃,12℃,多云,东北风 2级
2017-02-20,星期一,16℃,13℃,阴,西北风 2级
2017-02-21,星期二,13℃,8℃,中雨,北风 2级
2017-02-22,星期三,8℃,5℃,小雨,东南风 1级
2017-02-23,星期四,9℃,6℃,小雨,西北风 2级
2017-02-24,星期五,10℃,6℃,阴,西北风 1级
2017-02-25,星期六,11℃,5℃,阴,东南风 1级
2017-02-26,星期日,14℃,5℃,多云,西风 1级
2017-02-27,星期一,14℃,9℃,阴,东风 1级
2017-02-28,星期二,16℃,8℃,多云,东北风 1级
日期,星期,最高温度,最低温度,天气,风向风力
2017-03-01,星期三,19℃,9℃,多云,北风 1级
2017-03-02,星期四,16℃,10℃,阴,东北风 1级
2017-03-03,星期五,14℃,11℃,阴,东北风 1级
2017-03-05,星期日,13℃,11℃,小雨,东北风 2级
2017-03-06,星期一,13℃,10℃,小雨,西北风 1级
2017-03-07,星期二,12℃,9℃,小雨,西北风 2级
2017-03-08,星期三,15℃,11℃,阴,北风 1级
2017-03-09,星期四,13℃,10℃,阴,西北风 2级
2017-03-10,星期五,13℃,11℃,阴,西风 1级
2017-03-11,星期六,15℃,12℃,阴,西北风 1级
2017-03-12,星期日,14℃,12℃,小雨,西风 1级
2017-03-13,星期一,12℃,10℃,小雨,北风 1级
2017-03-14,星期二,14℃,8℃,小雨,西北风 2级
2017-03-15,星期三,12℃,7℃,小雨,西风 1级
2017-03-16,星期四,16℃,10℃,多云,西北风 2级
2017-03-17,星期五,15℃,12℃,阴,北风 1级
2017-03-18,星期六,17℃,11℃,阴,东北风 2级
2017-03-19,星期日,20℃,13℃,多云,北风 3级
2017-03-20,星期一,20℃,12℃,多云,西风 1级
2017-03-21,星期二,16℃,12℃,阵雨,北风 2级
2017-03-22,星期三,21℃,11℃,多云,北风 3级
2017-03-23,星期四,20℃,13℃,阴,北风 4级
2017-03-24,星期五,13℃,11℃,小雨,西北风 3级
2017-03-25,星期六,14℃,9℃,阴,东风 2级
2017-03-26,星期日,20℃,9℃,晴,西风 2级
2017-03-27,星期一,22℃,13℃,阴,西北风 2级
2017-03-28,星期二,23℃,13℃,多云,西风 2级
2017-03-29,星期三,20℃,16℃,阵雨,西北风 3级
2017-03-30,星期四,15℃,14℃,阵雨,西南风 3级
2017-03-31,星期五,22℃,13℃,多云,南风 2级
日期,星期,最高温度,最低温度,天气,风向风力
2017-04-01,星期六,26℃,14℃,晴,北风 2级
2017-04-02,星期日,24℃,17℃,阴,东南风 4级
2017-04-03,星期一,22℃,17℃,阴,东风 2级
2017-04-04,星期二,22℃,17℃,阴,西北风 2级
2017-04-05,星期三,21℃,16℃,阵雨,东南风 2级
2017-04-06,星期四,26℃,14℃,多云,东北风 4级
2017-04-07,星期五,25℃,18℃,阴,西北风 3级
2017-04-08,星期六,25℃,19℃,阴,西北风 3级
2017-04-09,星期日,21℃,16℃,阵雨,北风 3级
2017-04-10,星期一,16℃,14℃,阴,北风 3级
2017-04-11,星期二,21℃,15℃,多云,西北风 2级
2017-04-12,星期三,23℃,13℃,多云,南风 2级
2017-04-13,星期四,27℃,14℃,晴,东北风 2级
2017-04-14,星期五,29℃,18℃,多云,东风 2级
2017-04-15,星期六,28℃,18℃,阴,东风 2级
2017-04-16,星期日,21℃,17℃,阵雨,西北风 3级
2017-04-17,星期一,24℃,16℃,多云,东北风 2级
2017-04-18,星期二,29℃,16℃,多云,北风 4级
2017-04-19,星期三,30℃,16℃,多云,西北风 2级
2017-04-20,星期四,17℃,14℃,阵雨,西北风 3级
2017-04-21,星期五,21℃,15℃,阴,西南风 3级
2017-04-22,星期六,26℃,15℃,多云,东风 2级
2017-04-23,星期日,27℃,18℃,多云,东风 2级
2017-04-24,星期一,26℃,19℃,阵雨,东北风 4级
2017-04-25,星期二,19℃,17℃,阵雨,东风 2级
2017-04-26,星期三,19℃,16℃,中雨,西风 2级
2017-04-27,星期四,18℃,15℃,阵雨,西南风 2级
2017-04-28,星期五,22℃,15℃,阴,西南风 2级
2017-04-29,星期六,26℃,16℃,多云,西北风 1级
2017-04-30,星期日,25℃,18℃,阴,东北风 2级
日期,星期,最高温度,最低温度,天气,风向风力
2017-05-01,星期一,30℃,19℃,多云,东南风 2级
2017-05-02,星期二,28℃,20℃,阴,西北风 3级
2017-05-03,星期三,22℃,17℃,阵雨,西南风 3级
2017-05-04,星期四,27℃,16℃,多云,东风 3级
2017-05-05,星期五,20℃,17℃,阵雨,西北风 2级
2017-05-06,星期六,17℃,14℃,阵雨,东风 2级
2017-05-07,星期日,18℃,14℃,阵雨,西北风 2级
2017-05-08,星期一,25℃,15℃,晴,东北风 2级
2017-05-09,星期二,28℃,15℃,多云,东风 3级
2017-05-10,星期三,24℃,18℃,阵雨,西北风 2级
2017-05-11,星期四,24℃,18℃,阵雨,东风 3级
2017-05-12,星期五,30℃,18℃,多云,东南风 2级
2017-05-13,星期六,32℃,18℃,晴,东风 2级
2017-05-14,星期日,25℃,19℃,阵雨,东南风 2级
2017-05-15,星期一,29℃,19℃,多云,西风 3级
2017-05-16,星期二,30℃,19℃,多云,西风 2级
2017-05-17,星期三,31℃,21℃,晴,西北风 3级
2017-05-18,星期四,29℃,23℃,阴,西北风 4级
2017-05-19,星期五,30℃,23℃,多云,东风 3级
2017-05-20,星期六,31℃,23℃,阵雨,西北风 3级
2017-05-21,星期日,26℃,21℃,阵雨,西北风 1级
2017-05-22,星期一,23℃,19℃,阵雨,东南风 2级
2017-05-23,星期二,25℃,20℃,阴,东风 3级
2017-05-24,星期三,21℃,18℃,中雨,西风 2级
2017-05-25,星期四,28℃,17℃,多云,西南风 3级
2017-05-26,星期五,30℃,18℃,多云,东风 2级
2017-05-27,星期六,32℃,21℃,多云,西北风 2级
2017-05-28,星期日,33℃,23℃,晴,东北风 3级
2017-05-29,星期一,31℃,24℃,阵雨,东风 2级
2017-05-30,星期二,26℃,22℃,阵雨,西南风 3级
2017-05-31,星期三,26℃,22℃,阵雨,北风 2级
日期,星期,最高温度,最低温度,天气,风向风力
2017-06-01,星期四,28℃,22℃,阴,东南风 2级
2017-06-02,星期五,32℃,21℃,多云,东南风 2级
2017-06-03,星期六,28℃,24℃,阵雨,北风 3级
2017-06-04,星期日,23℃,20℃,中雨,东风 1级
2017-06-05,星期一,28℃,21℃,阴,西北风 3级
2017-06-06,星期二,32℃,21℃,多云,东南风 2级
2017-06-07,星期三,34℃,22℃,晴,东风 4级
2017-06-08,星期四,31℃,24℃,阴,西北风 4级
2017-06-09,星期五,30℃,22℃,雷阵雨,西北风 5级
2017-06-10,星期六,27℃,22℃,阵雨,西北风 4级
2017-06-11,星期日,28℃,23℃,阵雨,东风 3级
2017-06-12,星期一,28℃,22℃,阵雨,西南风 2级
2017-06-13,星期二,24℃,22℃,阵雨,南风 2级
2017-06-14,星期三,24℃,20℃,中雨,西北风 3级
2017-06-15,星期四,21℃,19℃,小雨,西风 2级
2017-06-16,星期五,25℃,19℃,阵雨,东风 1级
2017-06-17,星期六,29℃,20℃,多云,西北风 2级
2017-06-18,星期日,26℃,21℃,阵雨,西南风 2级
2017-06-19,星期一,26℃,22℃,阵雨,北风 1级
2017-06-20,星期二,31℃,22℃,多云,西北风 2级
2017-06-21,星期三,34℃,23℃,多云,北风 3级
2017-06-22,星期四,30℃,23℃,雷阵雨,西北风 2级
2017-06-23,星期五,29℃,24℃,阴,西北风 2级
2017-06-24,星期六,28℃,24℃,阵雨,西风 2级
2017-06-25,星期日,28℃,23℃,阵雨,南风 3级
2017-06-26,星期一,26℃,20℃,阵雨,南风 3级
2017-06-27,星期二,31℃,20℃,阴,西北风 2级
2017-06-28,星期三,33℃,23℃,多云,西北风 2级
2017-06-29,星期四,31℃,23℃,阴,西南风 2级
2017-06-30,星期五,32℃,23℃,多云,西风 2级
日期,星期,最高温度,最低温度,天气,风向风力
2017-07-01,星期六,33℃,23℃,多云,西风 1级
2017-07-02,星期日,35℃,25℃,多云,西北风 2级
2017-07-03,星期一,35℃,25℃,多云,东南风 3级
2017-07-04,星期二,35℃,25℃,多云,东北风 1级
2017-07-05,星期三,35℃,27℃,阴,东风 2级
2017-07-06,星期四,28℃,24℃,中雨,西南风 3级
2017-07-07,星期五,29℃,24℃,小雨,西南风 2级
2017-07-08,星期六,30℃,24℃,阴,西风 2级
2017-07-09,星期日,31℃,24℃,阴,西南风 1级
2017-07-10,星期一,35℃,24℃,晴,西风 2级
2017-07-11,星期二,37℃,26℃,晴,北风 1级
2017-07-12,星期三,37℃,26℃,晴,南风 2级
2017-07-13,星期四,37℃,25℃,多云,东南风 2级
2017-07-14,星期五,32℃,24℃,中雨,东风 2级
2017-07-15,星期六,33℃,25℃,多云,东北风 1级
2017-07-16,星期日,36℃,27℃,晴,东风 2级
2017-07-17,星期一,37℃,27℃,多云,西北风 2级
2017-07-18,星期二,37℃,27℃,晴,东风 微风
2017-07-19,星期三,35℃,28℃,阵雨,西北风 1级
2017-07-20,星期四,36℃,28℃,多云,东南风 1级
2017-07-21,星期五,37℃,27℃,多云,南风 1级
2017-07-22,星期六,39℃,29℃,晴,南风 2级
2017-07-23,星期日,38℃,29℃,晴,东南风 1级
2017-07-24,星期一,39℃,29℃,多云,西北风 2级
2017-07-25,星期二,38℃,27℃,晴,西风 2级
2017-07-26,星期三,39℃,29℃,晴,东北风 1级
2017-07-27,星期四,41℃,31℃,晴,东风 1级
2017-07-28,星期五,40℃,30℃,多云,南风 1级
2017-07-29,星期六,39℃,31℃,多云,西南风 2级
2017-07-30,星期日,35℃,28℃,多云,西北风 2级
2017-07-31,星期一,38℃,29℃,多云,西北风 2级
日期,星期,最高温度,最低温度,天气,风向风力
2017-08-01,星期二,39℃,29℃,多云,西北风 2级
2017-08-02,星期三,38℃,30℃,阴,东南风 1级
2017-08-03,星期四,39℃,28℃,多云,西北风 2级
2017-08-04,星期五,39℃,28℃,多云,西北风 2级
2017-08-05,星期六,38℃,29℃,多云,西北风 2级
2017-08-06,星期日,39℃,28℃,晴,东南风 1级
2017-08-07,星期一,40℃,25℃,雷阵雨,北风 2级
2017-08-08,星期二,28℃,23℃,大雨,西南风 1级
2017-08-09,星期三,34℃,24℃,多云,西风 1级
2017-08-10,星期四,37℃,26℃,多云,西北风 2级
2017-08-11,星期五,31℃,25℃,阵雨,西风 2级
2017-08-12,星期六,26℃,22℃,阵雨,西北风 1级
2017-08-13,星期日,31℃,22℃,多云,西北风 2级
2017-08-14,星期一,35℃,25℃,多云,西北风 2级
2017-08-15,星期二,36℃,27℃,多云,东北风 2级
2017-08-16,星期三,36℃,27℃,多云,西南风 2级
2017-08-17,星期四,38℃,28℃,多云,东南风 1级
2017-08-18,星期五,38℃,28℃,晴,东南风 1级
2017-08-19,星期六,38℃,28℃,晴,西北风 2级
2017-08-20,星期日,38℃,29℃,晴,东南风 2级
2017-08-21,星期一,40℃,30℃,阴,西北风 2级
2017-08-22,星期二,40℃,30℃,晴,东风 2级
2017-08-23,星期三,37℃,30℃,多云,西南风 1级
2017-08-24,星期四,35℃,26℃,阵雨,西北风 2级
2017-08-25,星期五,34℃,25℃,阵雨,西北风 2级
2017-08-26,星期六,36℃,26℃,多云,东风 1级
2017-08-27,星期日,38℃,27℃,晴,东风 2级
2017-08-28,星期一,37℃,27℃,晴,东风 2级
2017-08-29,星期二,34℃,27℃,阵雨,西北风 2级
2017-08-30,星期三,33℃,26℃,阴,北风 2级
2017-08-31,星期四,31℃,23℃,阵雨,西北风 1级
日期,星期,最高温度,最低温度,天气,风向风力
2017-09-01,星期五,24℃,20℃,阵雨,西北风 2级
2017-09-02,星期六,25℃,21℃,大雨,北风 微风
2017-09-03,星期日,27℃,22℃,阴,东北风 1级
2017-09-04,星期一,26℃,21℃,阵雨,西北风 2级
2017-09-05,星期二,23℃,20℃,中雨,西北风 2级
2017-09-06,星期三,26℃,21℃,阴,西南风 1级
2017-09-07,星期四,30℃,21℃,多云,西风 1级
2017-09-08,星期五,30℃,23℃,多云,北风 2级
2017-09-09,星期六,26℃,22℃,中雨,西风 1级
2017-09-10,星期日,26℃,21℃,阵雨,北风 2级
2017-09-11,星期一,31℃,20℃,多云,西北风 1级
2017-09-12,星期二,31℃,21℃,晴,东南风 1级
2017-09-13,星期三,32℃,21℃,多云,东北风 1级
2017-09-14,星期四,32℃,24℃,多云,东风 1级
2017-09-15,星期五,30℃,23℃,多云,东南风 1级
2017-09-16,星期六,33℃,24℃,多云,西北风 2级
2017-09-17,星期日,32℃,25℃,多云,西北风 2级
2017-09-18,星期一,26℃,21℃,阵雨,西北风 2级
2017-09-19,星期二,26℃,21℃,小雨,北风 2级
2017-09-20,星期三,24℃,20℃,阵雨,西北风 2级
2017-09-21,星期四,26℃,21℃,阴,东风 1级
2017-09-22,星期五,27℃,22℃,阴,北风 1级
2017-09-23,星期六,27℃,22℃,阵雨,西北风 2级
2017-09-24,星期日,28℃,21℃,阵雨,西北风 1级
2017-09-25,星期一,28℃,22℃,阴,西北风 1级
2017-09-26,星期二,30℃,22℃,多云,北风 2级
2017-09-27,星期三,24℃,19℃,小雨,西风 2级
2017-09-28,星期四,22℃,19℃,阵雨,北风 微风
2017-09-29,星期五,23℃,20℃,阵雨,北风 1级
2017-09-30,星期六,24℃,19℃,阴,西北风 2级
日期,星期,最高温度,最低温度,天气,风向风力
2017-10-01,星期日,23℃,20℃,阴,东南风 1级
2017-10-02,星期一,25℃,20℃,阴,西北风 2级
2017-10-03,星期二,23℃,20℃,中雨,北风 2级
2017-10-04,星期三,19℃,17℃,中雨,西北风 1级
2017-10-05,星期四,20℃,16℃,阴,北风 2级
2017-10-06,星期五,23℃,18℃,阴,西北风 2级
2017-10-07,星期六,28℃,19℃,阴,西风 1级
2017-10-08,星期日,30℃,20℃,多云,西北风 1级
2017-10-09,星期一,30℃,20℃,多云,西北风 2级
2017-10-10,星期二,18℃,14℃,小雨,西北风 1级
2017-10-11,星期三,16℃,13℃,小雨,西北风 2级
2017-10-12,星期四,17℃,15℃,小雨,北风 微风
2017-10-13,星期五,17℃,15℃,小雨,西北风 2级
2017-10-14,星期六,18℃,16℃,小雨,西风 1级
2017-10-15,星期日,19℃,16℃,阴,东北风 1级
2017-10-16,星期一,20℃,17℃,阴,西北风 2级
2017-10-17,星期二,19℃,15℃,阵雨,西北风 2级
2017-10-18,星期三,18℃,15℃,阵雨,西北风 1级
2017-10-19,星期四,22℃,16℃,多云,北风 1级
2017-10-20,星期五,22℃,17℃,阴,北风 微风
2017-10-21,星期六,20℃,18℃,小雨,西南风 1级
2017-10-22,星期日,17℃,16℃,小雨,西北风 2级
2017-10-23,星期一,19℃,15℃,阴,西北风 2级
2017-10-24,星期二,20℃,15℃,阴,东北风 1级
2017-10-25,星期三,19℃,16℃,小雨,西北风 1级
2017-10-26,星期四,15℃,0℃,多云,无持续风向 小于3级
2017-10-27,星期五,15℃,0℃,多云,无持续风向 小于3级
2017-10-28,星期六,17℃,0℃,阴,无持续风向 小于3级
2017-10-29,星期日,17℃,0℃,阴,无持续风向 小于3级
2017-10-30,星期一,22℃,15℃,多云,西北风 2级
2017-10-31,星期二,23℃,14℃,多云,西北风 2级
日期,星期,最高温度,最低温度,天气,风向风力
2017-11-01,星期三,22℃,16℃,阴,西北风 1级
2017-11-02,星期四,21℃,14℃,晴,东北风 1级
2017-11-03,星期五,22℃,13℃,晴,北风 1级
2017-11-04,星期六,24℃,14℃,晴,东南风 2级
2017-11-05,星期日,22℃,14℃,多云,西北风 2级
2017-11-06,星期一,22℃,13℃,多云,东北风 1级
2017-11-07,星期二,23℃,14℃,晴,西风 1级
2017-11-08,星期三,25℃,15℃,晴,东风 2级
2017-11-09,星期四,23℃,15℃,多云,东北风 2级
2017-11-10,星期五,18℃,13℃,阴,西北风 2级
2017-11-11,星期六,15℃,9℃,晴,东风 2级
2017-11-12,星期日,16℃,12℃,多云,东北风 2级
2017-11-13,星期一,17℃,13℃,晴,西北风 1级
2017-11-14,星期二,18℃,14℃,阴,东北风 1级
2017-11-15,星期三,19℃,13℃,阴,东北风 2级
2017-11-16,星期四,19℃,16℃,阴,东北风 2级
2017-11-17,星期五,17℃,15℃,多云,北风 2级
2017-11-18,星期六,15℃,12℃,阴,东北风 2级
2017-11-19,星期日,11℃,9℃,多云,东风 2级
2017-11-20,星期一,11℃,9℃,多云,东北风 1级
2017-11-21,星期二,11℃,9℃,晴,东北风 1级
2017-11-22,星期三,12℃,10℃,多云,东北风 1级
2017-11-23,星期四,9℃,8℃,晴,西北风 1级
2017-11-24,星期五,13℃,8℃,晴,南风 1级
2017-11-25,星期六,16℃,8℃,晴,西北风 1级
2017-11-26,星期日,16℃,8℃,晴,东风 1级
2017-11-27,星期一,14℃,10℃,多云,东北风 2级
2017-11-28,星期二,14℃,11℃,晴,东风 1级
2017-11-29,星期三,13℃,9℃,多云,东北风 2级
2017-11-30,星期四,13℃,9℃,多云,东北风 1级
日期,星期,最高温度,最低温度,天气,风向风力
2017-12-01,星期五,14℃,11℃,多云,东北风 2级
2017-12-02,星期六,15℃,10℃,晴,东北风 2级
2017-12-03,星期日,13℃,10℃,晴,西北风 1级
2017-12-04,星期一,12℃,8℃,多云,东北风 2级
2017-12-05,星期二,13℃,9℃,多云,东风 2级
2017-12-06,星期三,11℃,9℃,多云,东风 1级
2017-12-07,星期四,12℃,9℃,阴,东北风 2级
2017-12-08,星期五,11℃,9℃,多云,西风 2级
2017-12-09,星期六,15℃,7℃,晴,东北风 2级
2017-12-10,星期日,13℃,8℃,晴,西北风 1级
2017-12-11,星期一,13℃,9℃,阴,东北风 1级
2017-12-12,星期二,11℃,9℃,多云,东北风 2级
2017-12-13,星期三,10℃,7℃,晴,东风 2级
2017-12-14,星期四,11℃,7℃,多云,东北风 2级
2017-12-15,星期五,9℃,8℃,多云,西北风 2级
2017-12-16,星期六,11℃,6℃,多云,北风 1级
2017-12-17,星期日,10℃,6℃,晴,东风 1级
2017-12-18,星期一,10℃,6℃,晴,西风 1级
2017-12-19,星期二,12℃,4℃,晴,南风 1级
2017-12-20,星期三,13℃,5℃,晴,东南风 1级
2017-12-21,星期四,11℃,2℃,晴,东北风 1级
2017-12-22,星期五,8℃,4℃,晴,西北风 1级
2017-12-23,星期六,12℃,7℃,晴,西南风 1级
2017-12-24,星期日,12℃,4℃,晴,东南风 1级
2017-12-25,星期一,13℃,4℃,晴,东北风 1级
2017-12-26,星期二,11℃,6℃,多云,西南风 1级
2017-12-27,星期三,10℃,6℃,多云,东北风 1级
2017-12-28,星期四,11℃,5℃,霾,东北风 2级
2017-12-29,星期五,9℃,7℃,阴,西南风 1级
2017-12-30,星期六,11℃,4℃,晴,西风 2级
2017-12-31,星期日,11℃,3℃,多云,东北风 2级
日期,星期,最高温度,最低温度,天气,风向风力
2018-01-01,星期一,11℃,7℃,阴,东北风 1级
2018-01-02,星期二,9℃,8℃,阴,东北风 1级
2018-01-03,星期三,9℃,7℃,雨,东北风 1级
2018-01-04,星期四,7℃,4℃,多云,东北风 2级
2018-01-05,星期五,8℃,5℃,阴,东北风 2级
2018-01-06,星期六,7℃,2℃,晴,东北风 2级
2018-01-07,星期日,5℃,3℃,多云,北风 2级
2018-01-08,星期一,8℃,2℃,晴,北风 2级
2018-01-09,星期二,11℃,2℃,晴,北风 1级
2018-01-10,星期三,12℃,2℃,晴,西北风 1级
2018-01-11,星期四,11℃,2℃,晴,东北风 1级
2018-01-12,星期五,10℃,3℃,晴,东风 2级
2018-01-13,星期六,8℃,7℃,霾,东风 2级
2018-01-14,星期日,13℃,4℃,晴,东北风 2级
2018-01-15,星期一,10℃,4℃,阴,东北风 2级
2018-01-16,星期二,12℃,4℃,晴,西南风 2级
2018-01-17,星期三,10℃,3℃,晴,东北风 2级
2018-01-18,星期四,10℃,7℃,阴,东南风 1级
2018-01-19,星期五,10℃,7℃,晴,东北风 1级
2018-01-20,星期六,10℃,5℃,阴,东北风 1级
2018-01-21,星期日,11℃,5℃,晴,南风 1级
2018-01-22,星期一,11℃,5℃,晴,东北风 2级
2018-01-23,星期二,11℃,7℃,多云,东北风 2级
2018-01-24,星期三,11℃,8℃,雨,东北风 2级
2018-01-25,星期四,6℃,2℃,多云,北风 2级
2018-01-26,星期五,5℃,1℃,多云,东北风 2级
2018-01-27,星期六,4℃,0℃,晴,东北风 2级
2018-01-28,星期日,6℃,2℃,晴,北风 1级
2018-01-29,星期一,8℃,3℃,晴,东北风 1级
2018-01-30,星期二,5℃,1℃,多云,东北风 2级
2018-01-31,星期三,8℃,1℃,多云,西北风 2级
日期,星期,最高温度,最低温度,天气,风向风力
2018-02-01,星期四,6℃,0℃,多云,东北风 2级
2018-02-02,星期五,9℃,4℃,阴,西南风 1级
2018-02-03,星期六,10℃,4℃,多云,东风 2级
2018-02-04,星期日,6℃,3℃,多云,东风 2级
2018-02-05,星期一,7℃,3℃,晴,东风 1级
2018-02-06,星期二,10℃,3℃,多云,东北风 2级
2018-02-07,星期三,11℃,5℃,晴,西北风 1级
2018-02-08,星期四,12℃,4℃,晴,东风 2级
2018-02-09,星期五,9℃,4℃,晴,北风 2级
2018-02-10,星期六,7℃,4℃,多云,北风 2级
2018-02-11,星期日,7℃,4℃,多云,东北风 1级
2018-02-12,星期一,7℃,4℃,晴,东北风 1级
2018-02-13,星期二,11℃,4℃,晴,东北风 2级
2018-02-14,星期三,12℃,6℃,阴,东北风 2级
2018-02-15,星期四,12℃,7℃,多云,西风 1级
2018-02-16,星期五,17℃,5℃,晴,东北风 2级
2018-02-17,星期六,13℃,8℃,阴,东北风 2级
2018-02-18,星期日,12℃,6℃,晴,北风 2级
2018-02-19,星期一,11℃,8℃,晴,北风 2级
2018-02-20,星期二,13℃,8℃,晴,东北风 2级
2018-02-21,星期三,11℃,8℃,阴,东北风 2级
2018-02-22,星期四,9℃,5℃,阴,东北风 2级
2018-02-23,星期五,13℃,6℃,晴,东北风 2级
2018-02-24,星期六,15℃,7℃,多云,西北风 2级
2018-02-25,星期日,19℃,8℃,晴,东风 2级
2018-02-26,星期一,15℃,8℃,晴,东风 2级
2018-02-27,星期二,15℃,8℃,多云,东北风 1级
2018-02-28,星期三,18℃,9℃,晴,东北风 2级
日期,星期,最高温度,最低温度,天气,风向风力
2018-03-01,星期四,21℃,11℃,晴,北风 2级
2018-03-02,星期五,21℃,13℃,多云,东北风 2级
2018-03-03,星期六,22℃,13℃,多云,东北风 2级
2018-03-04,星期日,18℃,13℃,多云,西北风 2级
2018-03-05,星期一,14℃,12℃,多云,东风 2级
2018-03-06,星期二,13℃,11℃,阴,东北风 2级
2018-03-07,星期三,13℃,8℃,多云,东北风 2级
2018-03-08,星期四,19℃,7℃,多云,东风 2级
2018-03-09,星期五,23℃,9℃,晴,东风 2级
2018-03-10,星期六,18℃,12℃,晴,东风 3级
2018-03-11,星期日,16℃,12℃,多云,东南风 2级
2018-03-12,星期一,17℃,11℃,多云,东北风 2级
2018-03-13,星期二,20℃,13℃,多云,东北风 1级
2018-03-14,星期三,22℃,12℃,晴,东北风 1级
2018-03-15,星期四,25℃,12℃,晴,东风 2级
2018-03-16,星期五,26℃,13℃,多云,东南风 3级
2018-03-17,星期六,25℃,14℃,多云,东北风 3级
2018-03-18,星期日,19℃,13℃,多云,北风 2级
2018-03-19,星期一,17℃,10℃,多云,北风 2级
2018-03-20,星期二,20℃,9℃,多云,东北风 2级
2018-03-21,星期三,20℃,12℃,阴,东南风 1级
2018-03-22,星期四,23℃,12℃,多云,东风 1级
2018-03-23,星期五,20℃,14℃,多云,东风 2级
2018-03-24,星期六,17℃,12℃,多云,东北风 2级
2018-03-25,星期日,20℃,13℃,晴,东北风 1级
2018-03-26,星期一,22℃,13℃,多云,东北风 2级
2018-03-27,星期二,20℃,15℃,雨,西风 1级
2018-03-28,星期三,18℃,15℃,雨,东风 1级
2018-03-29,星期四,22℃,15℃,晴,东风 1级
2018-03-30,星期五,23℃,15℃,多云,东风 2级
2018-03-31,星期六,20℃,15℃,阴,西风 2级
日期,星期,最高温度,最低温度,天气,风向风力
2018-04-01,星期日,23℃,16℃,晴,西风 1级
2018-04-02,星期一,28℃,14℃,晴,东风 2级
2018-04-03,星期二,32℃,16℃,晴,东北风 2级
2018-04-04,星期三,29℃,19℃,多云,东南风 2级
2018-04-05,星期四,23℃,14℃,雨,东北风 3级
2018-04-06,星期五,19℃,11℃,阴,东北风 1级
2018-04-07,星期六,21℃,9℃,多云,东南风 2级
2018-04-08,星期日,24℃,11℃,晴,东风 2级
2018-04-09,星期一,29℃,14℃,多云,东风 2级
2018-04-10,星期二,29℃,18℃,多云,东南风 1级
2018-04-11,星期三,27℃,19℃,多云,东南风 2级
2018-04-12,星期四,26℃,21℃,多云,东风 2级
2018-04-13,星期五,22℃,13℃,雨,西北风 2级
2018-04-14,星期六,14℃,11℃,多云,西北风 2级
2018-04-15,星期日,18℃,11℃,多云,东北风 1级
2018-04-16,星期一,23℃,12℃,晴,东风 2级
2018-04-17,星期二,29℃,14℃,晴,东风 2级
2018-04-18,星期三,32℃,17℃,晴,东南风 2级
2018-04-19,星期四,30℃,21℃,多云,东南风 3级
2018-04-20,星期五,25℃,19℃,雨,东风 2级
2018-04-21,星期六,26℃,19℃,雨,东北风 1级
2018-04-22,星期日,24℃,19℃,晴,东北风 2级
2018-04-23,星期一,22℃,18℃,雨,北风 1级
2018-04-24,星期二,20℃,17℃,雨,东风 2级
2018-04-25,星期三,20℃,16℃,多云,南风 2级
2018-04-26,星期四,25℃,15℃,晴,北风 1级
2018-04-27,星期五,26℃,16℃,晴,东风 1级
2018-04-28,星期六,26℃,18℃,雨,东风 2级
2018-04-29,星期日,29℃,18℃,多云,北风 2级
2018-04-30,星期一,31℃,21℃,阴,东北风 1级
日期,星期,最高温度,最低温度,天气,风向风力
2018-05-01,星期二,24℃,20℃,多云,北风 2级
2018-05-02,星期三,26℃,21℃,多云,东风 1级
2018-05-03,星期四,23℃,19℃,雨,东南风 2级
2018-05-04,星期五,28℃,20℃,雨,东风 2级
2018-05-05,星期六,25℃,19℃,雨,东北风 2级
2018-05-06,星期日,24℃,15℃,多云,西风 2级
2018-05-07,星期一,28℃,16℃,晴,东风 2级
2018-05-08,星期二,29℃,18℃,阴,东风 2级
2018-05-09,星期三,24℃,17℃,阴,东风 2级
2018-05-10,星期四,21℃,18℃,雨,东北风 2级
2018-05-11,星期五,20℃,17℃,多云,西风 2级
2018-05-12,星期六,28℃,17℃,阴,东风 1级
2018-05-13,星期日,31℃,17℃,多云,东风 1级
2018-05-14,星期一,32℃,21℃,多云,东南风 2级
2018-05-15,星期二,34℃,22℃,晴,东南风 2级
2018-05-16,星期三,34℃,23℃,多云,东南风 2级
2018-05-17,星期四,29℃,20℃,雨,西南风 2级
2018-05-18,星期五,29℃,23℃,晴,西南风 2级
2018-05-19,星期六,29℃,22℃,多云,东风 2级
2018-05-20,星期日,31℃,22℃,多云,东风 2级
2018-05-21,星期一,32℃,22℃,阴,东风 2级
2018-05-22,星期二,27℃,16℃,阴,西北风 3级
2018-05-23,星期三,22℃,14℃,多云,东风 2级
2018-05-24,星期四,23℃,19℃,多云,东北风 2级
2018-05-25,星期五,26℃,19℃,阴,西南风 1级
2018-05-26,星期六,23℃,20℃,雨,西北风 2级
2018-05-27,星期日,21℃,18℃,多云,西南风 2级
2018-05-28,星期一,26℃,18℃,晴,东北风 2级
2018-05-29,星期二,24℃,19℃,多云,东北风 2级
2018-05-30,星期三,22℃,18℃,雨,东风 1级
2018-05-31,星期四,24℃,19℃,多云,东北风 2级
日期,星期,最高温度,最低温度,天气,风向风力
2018-06-01,星期五,24℃,18℃,晴,东风 2级
2018-06-02,星期六,27℃,20℃,多云,北风 1级
2018-06-03,星期日,25℃,19℃,多云,北风 2级
2018-06-04,星期一,27℃,19℃,多云,西南风 2级
2018-06-05,星期二,31℃,20℃,晴,东风 1级
2018-06-06,星期三,33℃,20℃,晴,东风 1级
2018-06-07,星期四,34℃,22℃,晴,东风 1级
2018-06-08,星期五,26℃,22℃,阴,西北风 2级
2018-06-09,星期六,29℃,20℃,多云,西风 2级
2018-06-10,星期日,31℃,19℃,晴,东风 1级
2018-06-11,星期一,30℃,23℃,大雨到暴雨,北风 2级
2018-06-12,星期二,25℃,20℃,多云,东风 1级
2018-06-13,星期三,26℃,21℃,多云,西南风 1级
2018-06-14,星期四,29℃,22℃,多云,西南风 2级
2018-06-15,星期五,25℃,22℃,阴,东北风 2级
2018-06-16,星期六,25℃,21℃,多云转小雨,西北风 1级
2018-06-17,星期日,25℃,20℃,小雨到中雨,北风 1级
2018-06-18,星期一,25℃,20℃,小雨,西北风 2级
2018-06-19,星期二,29℃,24℃,阴,西南风 1级
2018-06-20,星期三,26℃,23℃,多云,东风 1级
2018-06-21,星期四,26℃,22℃,小雨,东北风 2级
2018-06-22,星期五,26℃,24℃,晴,北风 1级
2018-06-23,星期六,34℃,23℃,多云转小雨,东风 1级
2018-06-24,星期日,29℃,24℃,阴,东南风 2级
2018-06-25,星期一,36℃,25℃,多云,东南风 3级
2018-06-26,星期二,36℃,25℃,阴,东南风 3级
2018-06-27,星期三,36℃,26℃,阴,东南风 2级
2018-06-28,星期四,37℃,27℃,阴,东风 2级
2018-06-29,星期五,35℃,25℃,阴,东南风 2级
2018-06-30,星期六,32℃,28℃,小雨,东北风 2级
日期,星期,最高温度,最低温度,天气,风向风力
2018-07-01,星期日,33℃,25℃,阴,东风 2级
2018-07-02,星期一,33℃,25℃,雨,东风 2级
2018-07-03,星期二,28℃,24℃,小雨到中雨,西风 2级
2018-07-04,星期三,27℃,24℃,中雨,西风 1级
2018-07-05,星期四,30℃,26℃,多云转小雨,西风 2级
2018-07-06,星期五,27℃,24℃,小雨,西南风 1级
2018-07-07,星期六,30℃,25℃,多云,东风 1级
2018-07-08,星期日,33℃,25℃,小雨,东北风 1级
2018-07-09,星期一,34℃,26℃,小雨到中雨,东北风 2级
2018-07-10,星期二,35℃,25℃,多云,东南风 2级
2018-07-11,星期三,33℃,27℃,小雨,南风 2级
2018-07-12,星期四,34℃,27℃,晴,西南风 2级
2018-07-13,星期五,35℃,27℃,阴,西南风 1级
2018-07-14,星期六,36℃,25℃,多云,东风 2级
2018-07-15,星期日,37℃,27℃,多云,东南风 2级
2018-07-16,星期一,36℃,27℃,多云,东南风 2级
2018-07-17,星期二,38℃,27℃,多云,南风 2级
2018-07-18,星期三,40℃,28℃,晴,东南风 2级
2018-07-19,星期四,40℃,28℃,多云,东南风 3级
2018-07-20,星期五,39℃,29℃,晴,东南风 2级
2018-07-21,星期六,38℃,30℃,多云,东南风 2级
2018-07-22,星期日,39℃,29℃,多云,东风 2级
2018-07-23,星期一,39℃,29℃,多云,东南风 2级
2018-07-24,星期二,40℃,28℃,多云,东风 2级
2018-07-25,星期三,37℃,28℃,多云转小雨,西南风 1级
2018-07-26,星期四,37℃,27℃,多云,东南风 2级
2018-07-27,星期五,38℃,27℃,多云,东南风 2级
2018-07-28,星期六,38℃,29℃,多云,东南风 2级
2018-07-29,星期日,39℃,28℃,多云,东南风 2级
2018-07-30,星期一,33℃,27℃,阴,东风 2级
2018-07-31,星期二,33℃,26℃,小雨,东风 1级
日期,星期,最高温度,最低温度,天气,风向风力
2018-08-01,星期三,33℃,24℃,多云,东风 1级
2018-08-02,星期四,33℃,24℃,多云,东风 2级
2018-08-03,星期五,34℃,23℃,多云,东北风 2级
2018-08-04,星期六,35℃,25℃,晴,西南风 2级
2018-08-05,星期日,33℃,24℃,多云,西风 1级
2018-08-06,星期一,31℃,25℃,大雨到暴风雨,北风 1级
2018-08-07,星期二,33℃,24℃,多云,东风 1级
2018-08-08,星期三,30℃,24℃,小雨到大雨,东南风 2级
2018-08-09,星期四,34℃,25℃,多云,东南风 1级
2018-08-10,星期五,36℃,24℃,晴,东北风 1级
2018-08-11,星期六,35℃,25℃,小雨转阴,西北风 1级
2018-08-12,星期日,30℃,25℃,多云,北风 1级
2018-08-13,星期一,37℃,25℃,多云,北风 1级
2018-08-14,星期二,33℃,24℃,多云,北风 1级
2018-08-15,星期三,31℃,26℃,阴,西风 1级
2018-08-16,星期四,36℃,25℃,多云,东北风 2级
2018-08-17,星期五,33℃,25℃,小雨到中雨,北风 2级
2018-08-18,星期六,33℃,24℃,晴,东风 2级
2018-08-19,星期日,35℃,24℃,晴,南风 1级
2018-08-20,星期一,38℃,27℃,多云,东南风 1级
2018-08-21,星期二,38℃,26℃,多云,东风 1级
2018-08-22,星期三,29℃,25℃,阴,西风 2级
2018-08-23,星期四,34℃,25℃,多云,东北风 2级
2018-08-24,星期五,34℃,24℃,晴,东风 1级
2018-08-25,星期六,35℃,24℃,晴,东风 2级
2018-08-26,星期日,35℃,25℃,晴,东风 1级
2018-08-27,星期一,36℃,25℃,多云,东风 1级
2018-08-28,星期二,37℃,28℃,晴,东风 1级
2018-08-29,星期三,37℃,27℃,晴,东风 1级
2018-08-30,星期四,36℃,27℃,多云,东风 2级
2018-08-31,星期五,36℃,26℃,晴,东南风 2级
日期,星期,最高温度,最低温度,天气,风向风力
2018-09-01,星期六,37℃,28℃,晴,东南风 2级
2018-09-02,星期日,38℃,30℃,多云,东风 2级
2018-09-03,星期一,37℃,29℃,多云,西南风 2级
2018-09-04,星期二,37℃,30℃,晴,南风 2级
2018-09-05,星期三,39℃,28℃,多云,东风 2级
2018-09-06,星期四,34℃,21℃,小雨,西风 2级
2018-09-07,星期五,22℃,19℃,多云,东北风 2级
2018-09-08,星期六,24℃,18℃,多云,西南风 1级
2018-09-09,星期日,27℃,20℃,阴,东风 2级
2018-09-10,星期一,21℃,18℃,多云,东风 2级
2018-09-11,星期二,20℃,18℃,多云,东北风 1级
2018-09-12,星期三,20℃,18℃,阴,东风 1级
2018-09-13,星期四,25℃,20℃,多云,东北风 2级
2018-09-14,星期五,24℃,19℃,多云,北风 2级
2018-09-15,星期六,25℃,21℃,阴,西北风 1级
2018-09-16,星期日,25℃,21℃,多云,西北风 2级
2018-09-17,星期一,23℃,20℃,阴,西北风 1级
2018-09-18,星期二,25℃,21℃,阴,北风 1级
2018-09-19,星期三,32℃,22℃,阴,东北风 2级
2018-09-20,星期四,25℃,21℃,多云,西风 2级
2018-09-21,星期五,23℃,20℃,多云,西北风 1级
2018-09-22,星期六,24℃,20℃,多云,东风 1级
2018-09-23,星期日,27℃,21℃,阴,东北风 1级
2018-09-24,星期一,23℃,19℃,大雨,东北风 2级
2018-09-25,星期二,23℃,20℃,阴,东北风 2级
2018-09-26,星期三,21℃,18℃,阴,北风 2级
2018-09-27,星期四,21℃,17℃,多云,东北风 2级
2018-09-28,星期五,21℃,17℃,阴,西南风 1级
2018-09-29,星期六,25℃,18℃,多云,东北风 1级
2018-09-30,星期日,23℃,21℃,小雨,西北风 1级
日期,星期,最高温度,最低温度,天气,风向风力
2018-10-01,星期一,20℃,18℃,多云,西北风 1级
2018-10-02,星期二,17℃,16℃,中雨,西北风 1级
2018-10-03,星期三,18℃,16℃,阴,西南风 1级
2018-10-04,星期四,21℃,16℃,多云,北风 1级
2018-10-05,星期五,22℃,16℃,多云,西风 1级
2018-10-06,星期六,19℃,18℃,多云,北风 1级
2018-10-07,星期日,19℃,16℃,小雨,北风 1级
2018-10-08,星期一,19℃,16℃,阴,东北风 2级
2018-10-09,星期二,18℃,16℃,多云,西风 2级
2018-10-10,星期三,23℃,14℃,多云,东风 1级
2018-10-11,星期四,23℃,15℃,多云,东风 1级
2018-10-12,星期五,21℃,17℃,小雨,东风 2级
2018-10-13,星期六,18℃,14℃,多云,东风 2级
2018-10-14,星期日,17℃,13℃,多云,北风 1级
2018-10-15,星期一,19℃,13℃,阴,北风 1级
2018-10-16,星期二,19℃,15℃,晴,东北风 1级
2018-10-17,星期三,23℃,16℃,多云,东风 2级
2018-10-18,星期四,19℃,15℃,阴,东风 2级
2018-10-19,星期五,16℃,14℃,多云,东北风 2级
2018-10-20,星期六,17℃,15℃,多云,东北风 2级
2018-10-21,星期日,17℃,15℃,多云,北风 1级
2018-10-22,星期一,18℃,16℃,多云,东北风 1级
2018-10-23,星期二,18℃,16℃,阴,东北风 2级
2018-10-24,星期三,19℃,15℃,多云,东北风 2级
2018-10-25,星期四,18℃,11℃,多云,西北风 2级
2018-10-26,星期五,19℃,16℃,多云,东风 1级
2018-10-27,星期六,18℃,16℃,阴,东北风 1级
2018-10-28,星期日,19℃,16℃,阴,西风 1级
2018-10-29,星期一,20℃,15℃,多云,西北风 1级
2018-10-30,星期二,20℃,17℃,晴,西南风 2级
2018-10-31,星期三,25℃,14℃,晴,东风 1级
日期,星期,最高温度,最低温度,天气,风向风力
2018-11-01,星期四,23℃,13℃,晴,东风 1级
2018-11-02,星期五,24℃,13℃,晴,东南风 2级
2018-11-03,星期六,22℃,14℃,多云,东风 2级
2018-11-04,星期日,18℃,15℃,小雨,东北风 2级
2018-11-05,星期一,15℃,10℃,小雨,北风 2级
2018-11-06,星期二,11℃,10℃,阴,西南风 2级
2018-11-07,星期三,10℃,9℃,多云,西南风 1级
2018-11-08,星期四,15℃,8℃,晴,东风 2级
2018-11-09,星期五,15℃,10℃,阴,东北风 1级
2018-11-10,星期六,13℃,11℃,阴,东北风 1级
2018-11-11,星期日,13℃,11℃,晴,东北风 1级
2018-11-12,星期一,17℃,12℃,晴,东北风 1级
2018-11-13,星期二,16℃,11℃,多云,东北风 2级
2018-11-14,星期三,15℃,12℃,多云,东北风 2级
2018-11-15,星期四,14℃,12℃,阴,东北风 1级
2018-11-16,星期五,13℃,11℃,多云,北风 2级
2018-11-17,星期六,12℃,9℃,阴,西南风 2级
2018-11-18,星期日,9℃,8℃,多云,西南风 2级
2018-11-19,星期一,10℃,7℃,阴,东北风 1级
2018-11-20,星期二,14℃,10℃,阴,北风 1级
2018-11-21,星期三,12℃,9℃,多云,西南风 2级
2018-11-22,星期四,15℃,8℃,晴,东风 1级
2018-11-23,星期五,17℃,7℃,多云,东北风 2级
2018-11-24,星期六,14℃,9℃,多云,西北风 1级
2018-11-25,星期日,15℃,8℃,晴,东风 1级
2018-11-26,星期一,18℃,9℃,阴,东北风 2级
2018-11-27,星期二,16℃,11℃,晴,南风 1级
2018-11-28,星期三,16℃,8℃,晴,东北风 2级
2018-11-29,星期四,15℃,12℃,多云,北风 1级
2018-11-30,星期五,15℃,13℃,阴,西风 1级
日期,星期,最高温度,最低温度,天气,风向风力
2018-12-01,星期六,14℃,11℃,多云,东风 2级
2018-12-02,星期日,15℃,11℃,小雨,北风 2级
2018-12-03,星期一,15℃,10℃,阴,西北风 2级
2018-12-04,星期二,13℃,10℃,多云,东北风 2级
2018-12-05,星期三,12℃,10℃,多云,东北风 2级
2018-12-06,星期四,11℃,8℃,阴,东北风 1级
2018-12-07,星期五,9℃,5℃,多云,东北风 2级
2018-12-08,星期六,8℃,6℃,阴,东风 2级
2018-12-09,星期日,7℃,4℃,阴,东风 2级
2018-12-10,星期一,8℃,5℃,晴,东北风 2级
2018-12-11,星期二,11℃,6℃,多云,东北风 1级
2018-12-12,星期三,8℃,5℃,阴,东北风 1级
2018-12-13,星期四,11℃,7℃,多云,东北风 2级
2018-12-14,星期五,11℃,8℃,阴,东北风 2级
2018-12-15,星期六,10℃,6℃,多云,北风 1级
2018-12-16,星期日,12℃,5℃,晴,东南风 2级
2018-12-17,星期一,13℃,5℃,晴,东北风 1级
2018-12-18,星期二,11℃,6℃,阴,北风 1级
2018-12-19,星期三,8℃,5℃,阴,西风 1级
2018-12-20,星期四,13℃,4℃,多云,东风 2级
2018-12-21,星期五,11℃,9℃,阴,东北风 1级
2018-12-22,星期六,11℃,9℃,阴,北风 1级
2018-12-23,星期日,12℃,8℃,阴,东风 2级
2018-12-24,星期一,11℃,8℃,阴,东风 2级
2018-12-25,星期二,10℃,8℃,多云,南风 1级
2018-12-26,星期三,8℃,6℃,多云,西北风 1级
2018-12-27,星期四,10℃,8℃,阴,东北风 2级
2018-12-28,星期五,8℃,3℃,小雨,东北风 2级
2018-12-29,星期六,7℃,3℃,小雨,东风 2级
2018-12-30,星期日,5℃,3℃,阴,东南风 2级
2018-12-31,星期一,7℃,2℃,多云,东风 2级
日期,星期,最高温度,最低温度,天气,风向风力
2019-01-01,星期二,6℃,3℃,多云,东风 1级
2019-01-02,星期三,7℃,2℃,阴,东风 2级
2019-01-03,星期四,7℃,4℃,小雨,东北风 2级
2019-01-04,星期五,8℃,6℃,阴,西北风 1级
2019-01-05,星期六,9℃,4℃,阴,东北风 1级
2019-01-06,星期日,8℃,6℃,阴,东北风 1级
2019-01-07,星期一,9℃,7℃,阴,东北风 1级
2019-01-08,星期二,9℃,7℃,小雨,东北风 1级
2019-01-09,星期三,9℃,6℃,阴,东风 2级
2019-01-10,星期四,7℃,5℃,阴,东北风 1级
2019-01-11,星期五,10℃,4℃,晴,东南风 2级
2019-01-12,星期六,4℃,-1℃,多云,东南风 1级
2019-01-13,星期日,10℃,6℃,阴,北风 1级
2019-01-14,星期一,10℃,7℃,多云,西北风 1级
2019-01-15,星期二,8℃,6℃,小雨,西南风 1级
2019-01-16,星期三,10℃,5℃,多云,南风 2级
2019-01-17,星期四,12℃,6℃,阴,东北风 2级
2019-01-18,星期五,11℃,6℃,阴,东北风 1级
2019-01-19,星期六,9℃,7℃,多云,北风 1级
2019-01-20,星期日,9℃,7℃,小雨,东北风 2级
2019-01-21,星期一,11℃,6℃,晴,东北风 1级
2019-01-22,星期二,13℃,4℃,晴,东风 2级
2019-01-23,星期三,14℃,6℃,阴,东北风 1级
2019-01-24,星期四,12℃,8℃,阴,东北风 2级
2019-01-25,星期五,11℃,9℃,阴,西北风 1级
2019-01-26,星期六,12℃,9℃,阴,东北风 2级
2019-01-27,星期日,10℃,8℃,阴,东北风 1级
2019-01-28,星期一,11℃,8℃,多云,北风 2级
2019-01-29,星期二,10℃,8℃,阴,北风 2级
2019-01-30,星期三,11℃,9℃,多云,东北风 1级
2019-01-31,星期四,11℃,6℃,阴,东北风 1级
日期,星期,最高温度,最低温度,天气,风向风力
2019-02-01,星期五,10℃,7℃,阴,东北风 2级
2019-02-02,星期六,11℃,6℃,阴,东北风 2级
2019-02-03,星期日,13℃,9℃,阴,西南风 2级
2019-02-04,星期一,15℃,8℃,多云,东北风 1级
2019-02-05,星期二,16℃,8℃,晴,东风 2级
2019-02-06,星期三,17℃,8℃,多云,北风 2级
2019-02-07,星期四,18℃,9℃,多云,东风 2级
2019-02-08,星期五,14℃,10℃,阴,东北风 2级
2019-02-09,星期六,11℃,7℃,多云,东风 2级
2019-02-10,星期日,8℃,5℃,阴,东风 1级
2019-02-11,星期一,10℃,4℃,阴,东风 2级
2019-02-12,星期二,11℃,7℃,多云,东北风 1级
2019-02-13,星期三,11℃,7℃,晴,东风 2级
2019-02-14,星期四,12℃,10℃,阴,东北风 2级
2019-02-15,星期五,14℃,10℃,阴,东北风 2级
2019-02-16,星期六,10℃,9℃,晴,东风 2级
2019-02-17,星期日,9℃,7℃,多云,东风 2级
2019-02-18,星期一,11℃,8℃,多云,东北风 2级
2019-02-19,星期二,9℃,7℃,阴,东北风 2级
2019-02-20,星期三,13℃,10℃,阴,北风 1级
2019-02-21,星期四,12℃,9℃,多云,东北风 2级
2019-02-22,星期五,12℃,8℃,阴,东北风 2级
2019-02-23,星期六,10℃,8℃,阴,东风 2级
2019-02-24,星期日,11℃,8℃,多云,东风 2级
2019-02-25,星期一,13℃,8℃,阴,北风 1级
2019-02-26,星期二,14℃,11℃,多云,东北风 2级
2019-02-27,星期三,11℃,9℃,多云,东北风 2级
2019-02-28,星期四,13℃,10℃,多云,东北风 2级
日期,星期,最高温度,最低温度,天气,风向风力
2019-03-01,星期五,12℃,10℃,多云,东北风 2级
2019-03-02,星期六,14℃,10℃,晴,西风 2级
2019-03-03,星期日,17℃,8℃,晴,东北风 2级
2019-03-04,星期一,18℃,8℃,多云,东北风 2级
2019-03-05,星期二,15℃,10℃,阴,北风 2级
2019-03-06,星期三,15℃,11℃,小雨,东北风 2级
2019-03-07,星期四,11℃,9℃,阴,东风 2级
2019-03-08,星期五,11℃,8℃,多云,东风 2级
2019-03-09,星期六,15℃,9℃,多云,北风 1级
2019-03-10,星期日,17℃,8℃,多云,东北风 2级
2019-03-11,星期一,19℃,11℃,多云,西南风 1级
2019-03-12,星期二,17℃,11℃,阴,东风 2级
2019-03-13,星期三,17℃,13℃,阴,东北风 2级
2019-03-14,星期四,17℃,11℃,多云,北风 1级
2019-03-15,星期五,14℃,12℃,小雨,西南风 2级
2019-03-16,星期六,15℃,11℃,阴,北风 1级
2019-03-17,星期日,17℃,11℃,多云,北风 2级
2019-03-18,星期一,21℃,8℃,晴,东北风 1级
2019-03-19,星期二,20℃,11℃,阴,东北风 2级
2019-03-20,星期三,25℃,15℃,多云,北风 2级
2019-03-21,星期四,20℃,13℃,小雨,北风 3级
2019-03-22,星期五,14℃,10℃,多云,北风 2级
2019-03-23,星期六,11℃,9℃,阴,东北风 2级
2019-03-24,星期日,13℃,9℃,晴,东北风 1级
2019-03-25,星期一,18℃,8℃,小雨,东北风 2级
2019-03-26,星期二,20℃,14℃,多云,北风 1级
2019-03-27,星期三,20℃,16℃,阴,北风 2级
2019-03-28,星期四,25℃,15℃,晴,南风 2级
2019-03-29,星期五,26℃,14℃,多云,东北风 2级
2019-03-30,星期六,23℃,15℃,小雨,东北风 2级
2019-03-31,星期日,15℃,13℃,小雨,东北风 2级
日期,星期,最高温度,最低温度,天气,风向风力
2019-04-01,星期一,17℃,12℃,多云,东北风 2级
2019-04-02,星期二,19℃,14℃,阴,东北风 2级
2019-04-03,星期三,20℃,14℃,中雨,东北风 2级
2019-04-04,星期四,18℃,12℃,多云,东北风 2级
2019-04-05,星期五,24℃,12℃,晴,东南风 1级
2019-04-06,星期六,30℃,14℃,晴,东风 1级
2019-04-07,星期日,32℃,16℃,多云,东南风 2级
2019-04-08,星期一,31℃,17℃,多云,东风 2级
2019-04-09,星期二,29℃,20℃,阴,西北风 2级
2019-04-10,星期三,23℃,13℃,中雨,东北风 3级
2019-04-11,星期四,26℃,17℃,多云,东北风 2级
2019-04-12,星期五,28℃,17℃,多云,东风 2级
2019-04-13,星期六,27℃,19℃,小雨,东北风 2级
2019-04-14,星期日,23℃,16℃,多云,东北风 2级
2019-04-15,星期一,21℃,16℃,多云,东风 2级
2019-04-16,星期二,23℃,13℃,晴,东南风 1级
2019-04-17,星期三,28℃,15℃,晴,东北风 2级
2019-04-18,星期四,25℃,20℃,晴,东北风 2级
2019-04-19,星期五,26℃,20℃,多云,东风 2级
2019-04-20,星期六,22℃,16℃,多云转雨,北风 2级
2019-04-21,星期日,27℃,18℃,多云,西北风 2级
2019-04-22,星期一,27℃,19℃,晴转多云,东北风 1级
2019-04-23,星期二,30℃,20℃,多云转晴,东风 2级
2019-04-24,星期三,33℃,22℃,晴,东北风 2级
2019-04-25,星期四,32℃,22℃,晴,东南风 2级
2019-04-26,星期五,35℃,24℃,晴,东南风 3级
2019-04-27,星期六,36℃,26℃,多云转雨,东南风 3级
2019-04-28,星期日,27℃,17℃,多云,东北风 2级
2019-04-29,星期一,21℃,18℃,阴,西北风 2级
2019-04-30,星期二,25℃,18℃,多云,南风 1级
日期,星期,最高温度,最低温度,天气,风向风力
2019-05-01,星期三,29℃,18℃,小雨转雨,东南风 2级
2019-05-02,星期四,21℃,17℃,多云转晴,东风 2级
2019-05-03,星期五,24℃,18℃,阴转多云,东风 2级
2019-05-04,星期六,24℃,19℃,阴转多云,东风 1级
2019-05-05,星期日,22℃,20℃,多云转雨,东风 2级
2019-05-06,星期一,19℃,17℃,多云转雨,东风 2级
2019-05-07,星期二,19℃,16℃,阴转雨,东北风 3级
2019-05-08,星期三,20℃,16℃,阴转雨,北风 1级
2019-05-09,星期四,23℃,15℃,阴,东北风 1级
2019-05-10,星期五,25℃,17℃,多云,东风 1级
2019-05-11,星期六,28℃,19℃,阴转雨,东北风 1级
2019-05-12,星期日,24℃,21℃,多云转雨,东北风 2级
2019-05-13,星期一,25℃,20℃,多云转雨,西北风 2级
2019-05-14,星期二,24℃,19℃,多云,东北风 2级
2019-05-15,星期三,26℃,20℃,阴转多云,东北风 2级
2019-05-16,星期四,27℃,22℃,多云转晴,东北风 1级
2019-05-17,星期五,31℃,22℃,多云转雨,东北风 2级
2019-05-18,星期六,27℃,23℃,多云,东北风 2级
2019-05-19,星期日,24℃,17℃,多云转雨,北风 2级
2019-05-20,星期一,20℃,17℃,多云,西南风 1级
2019-05-21,星期二,23℃,18℃,阴转多云,西风 1级
2019-05-22,星期三,25℃,16℃,多云转晴,东风 2级
2019-05-23,星期四,30℃,19℃,阴转多云,东风 1级
2019-05-24,星期五,25℃,21℃,小雨转雨,东北风 2级
2019-05-25,星期六,26℃,20℃,多云转晴,东北风 2级
2019-05-26,星期日,28℃,21℃,晴,北风 1级
2019-05-27,星期一,26℃,18℃,中雨转雨,西风 2级
2019-05-28,星期二,22℃,18℃,阴,西风 2级
2019-05-29,星期三,22℃,16℃,多云转雨,北风 2级
2019-05-30,星期四,22℃,18℃,晴,西风 2级
2019-05-31,星期五,28℃,18℃,多云,东北风 2级
日期,星期,最高温度,最低温度,天气,风向风力
2019-06-01,星期六,29℃,19℃,多云,西风 2级
2019-06-02,星期日,32℃,20℃,晴,东南风 1级
2019-06-03,星期一,34℃,23℃,晴,东风 1级
2019-06-04,星期二,34℃,23℃,阴转雨,东南风 2级
2019-06-05,星期三,31℃,24℃,晴,西风 2级
2019-06-06,星期四,33℃,22℃,多云转晴,东北风 2级
2019-06-07,星期五,30℃,22℃,晴转多云,东北风 2级
2019-06-08,星期六,26℃,22℃,晴转雨,北风 2级
2019-06-09,星期日,28℃,23℃,多云,西南风 1级
2019-06-10,星期一,26℃,22℃,多云,东南风 1级
2019-06-11,星期二,26℃,22℃,多云,东北风 2级
2019-06-12,星期三,27℃,22℃,晴,西风 1级
2019-06-13,星期四,29℃,21℃,晴,东北风 2级
2019-06-14,星期五,32℃,23℃,阴转雨,东北风 2级
2019-06-15,星期六,27℃,21℃,阴,东风 2级
2019-06-16,星期日,23℃,21℃,小雨转雨,东北风 1级
2019-06-17,星期一,24℃,21℃,阴,东风 1级
2019-06-18,星期二,26℃,22℃,阴,东北风 2级
2019-06-19,星期三,30℃,24℃,多云转雨,北风 1级
2019-06-20,星期四,29℃,24℃,多云转雨,北风 1级
2019-06-21,星期五,29℃,25℃,多云转雨,西北风 2级
2019-06-22,星期六,26℃,22℃,小雨到中雨,东北风 2级
2019-06-23,星期日,26℃,22℃,多云转阴,东北风 2级
2019-06-24,星期一,27℃,23℃,小雨转雨,东北风 2级
2019-06-25,星期二,27℃,23℃,多云转阴,北风 2级
2019-06-26,星期三,28℃,23℃,多云,东北风 2级
2019-06-27,星期四,27℃,23℃,多云转雨,西北风 2级
2019-06-28,星期五,24℃,22℃,阴,西风 2级
2019-06-29,星期六,27℃,21℃,多云,西风 1级
2019-06-30,星期日,29℃,24℃,多云转晴,东风 1级
日期,星期,最高温度,最低温度,天气,风向风力
2019-07-01,星期一,33℃,24℃,多云转晴,东风 1级
2019-07-02,星期二,36℃,25℃,多云,东风 2级
2019-07-03,星期三,34℃,24℃,多云,西北风 2级
2019-07-04,星期四,26℃,22℃,多云,西风 1级
2019-07-05,星期五,27℃,21℃,多云,东北风 1级
2019-07-06,星期六,30℃,23℃,阴,东北风 2级
2019-07-07,星期日,26℃,23℃,多云转雨,北风 1级
2019-07-08,星期一,24℃,20℃,阴转雨,东北风 2级
2019-07-09,星期二,28℃,22℃,晴,东北风 1级
2019-07-10,星期三,30℃,22℃,阴,东风 2级
2019-07-11,星期四,30℃,24℃,多云转雨,东北风 2级
2019-07-12,星期五,27℃,23℃,小雨转雨,西南风 2级
2019-07-13,星期六,30℃,23℃,多云,西南风 2级
2019-07-14,星期日,31℃,23℃,多云,东风 1级
2019-07-15,星期一,29℃,24℃,多云转雨,东北风 1级
2019-07-16,星期二,29℃,24℃,多云转雨,西风 1级
2019-07-17,星期三,30℃,24℃,多云,西北风 1级
2019-07-18,星期四,27℃,24℃,多云转雨,西风 1级
2019-07-19,星期五,28℃,24℃,多云,西风 1级
2019-07-20,星期六,30℃,25℃,多云转阴,西南风 1级
2019-07-21,星期日,32℃,26℃,多云转雨,东南风 2级
2019-07-22,星期一,33℃,26℃,多云转雨,东北风 2级
2019-07-23,星期二,30℃,24℃,阴,西风 2级
2019-07-24,星期三,30℃,24℃,多云转雨,西风 1级
2019-07-25,星期四,31℃,25℃,阴转多云,西南风 2级
2019-07-26,星期五,37℃,26℃,晴,东南风 2级
2019-07-27,星期六,38℃,28℃,晴转多云,东南风 2级
2019-07-28,星期日,37℃,29℃,晴转多云,东南风 2级
2019-07-29,星期一,37℃,23℃,多云转阴,东风 1级
2019-07-30,星期二,32℃,27℃,多云转雨,西风 1级
2019-07-31,星期三,30℃,24℃,多云转雨,西南风 1级
日期,星期,最高温度,最低温度,天气,风向风力
2019-08-01,星期四,30℃,23℃,晴,东风 2级
2019-08-02,星期五,35℃,25℃,阴,东风 2级
2019-08-03,星期六,34℃,23℃,多云,东北风 2级
2019-08-04,星期日,32℃,26℃,多云,东北风 2级
2019-08-05,星期一,33℃,25℃,多云转雨,东风 2级
2019-08-06,星期二,32℃,24℃,阴转雨,西北风 2级
2019-08-07,星期三,30℃,24℃,多云,西南风 2级
2019-08-08,星期四,32℃,25℃,多云转雨,东北风 1级
2019-08-09,星期五,30℃,25℃,多云转雨,西南风 2级
2019-08-10,星期六,33℃,25℃,晴,西风 2级
2019-08-11,星期日,37℃,27℃,晴,南风 2级
2019-08-12,星期一,37℃,26℃,晴,西北风 1级
2019-08-13,星期二,38℃,26℃,晴,东北风 2级
2019-08-14,星期三,35℃,26℃,多云,西风 2级
2019-08-15,星期四,35℃,26℃,晴,东南风 1级
2019-08-16,星期五,36℃,25℃,晴,东风 2级
2019-08-17,星期六,37℃,26℃,晴转多云,东南风 1级
2019-08-18,星期日,39℃,28℃,晴转多云,东南风 2级
2019-08-19,星期一,39℃,30℃,晴转多云,东南风 2级
2019-08-20,星期二,39℃,30℃,多云转阴,东南风 2级
2019-08-21,星期三,37℃,28℃,多云,东南风 2级
2019-08-22,星期四,37℃,27℃,晴,东南风 2级
2019-08-23,星期五,36℃,28℃,晴转多云,东南风 2级
2019-08-24,星期六,37℃,27℃,晴转多云,东南风 1级
2019-08-25,星期日,38℃,29℃,晴,东风 1级
2019-08-26,星期一,38℃,29℃,晴转多云,东风 2级
2019-08-27,星期二,34℃,28℃,多云转雨,西风 2级
2019-08-28,星期三,29℃,25℃,多云转雨,西北风 2级
2019-08-29,星期四,29℃,24℃,阴,东北风 2级
2019-08-30,星期五,28℃,22℃,阴,东南风 1级
2019-08-31,星期六,26℃,21℃,阴,东风 2级
日期,星期,最高温度,最低温度,天气,风向风力
2019-09-01,星期日,27℃,22℃,阴转多云,东风 1级
2019-09-02,星期一,29℃,22℃,多云转雨,东南风 1级
2019-09-03,星期二,33℃,23℃,晴,东南风 2级
2019-09-04,星期三,34℃,25℃,小雨转阴,东风 2级
2019-09-05,星期四,30℃,26℃,多云,东北风 1级
2019-09-06,星期五,32℃,22℃,多云,东北风 2级
2019-09-07,星期六,31℃,23℃,小雨到中雨,东北风 1级
2019-09-08,星期日,26℃,24℃,中雨到大雨,东风 2级
2019-09-09,星期一,26℃,23℃,小雨到中雨,东南风 1级
2019-09-10,星期二,30℃,24℃,多云转雨,东风 1级
2019-09-11,星期三,34℃,26℃,多云,南风 2级
2019-09-12,星期四,34℃,26℃,晴转多云,东南风 2级
2019-09-13,星期五,36℃,21℃,多云转雨,西风 2级
2019-09-14,星期六,27℃,19℃,阴,西南风 2级
2019-09-15,星期日,25℃,18℃,多云转阴,西南风 2级
2019-09-16,星期一,23℃,18℃,多云转雨,西南风 2级
2019-09-17,星期二,24℃,21℃,多云转阴,北风 2级
2019-09-18,星期三,24℃,19℃,阴,南风 2级
2019-09-19,星期四,25℃,19℃,多云转雨,北风 2级
2019-09-20,星期五,20℃,17℃,晴,西风 2级
2019-09-21,星期六,26℃,16℃,多云,北风 1级
2019-09-22,星期日,26℃,18℃,多云,东北风 1级
2019-09-23,星期一,29℃,18℃,多云,东风 2级
2019-09-24,星期二,24℃,17℃,小雨转雨,西北风 2级
2019-09-25,星期三,22℃,18℃,多云转晴,东南风 1级
2019-09-26,星期四,27℃,17℃,晴,东风 1级
2019-09-27,星期五,27℃,18℃,晴,东北风 1级
2019-09-28,星期六,29℃,19℃,晴,东风 1级
2019-09-29,星期日,31℃,20℃,晴转多云,东南风 2级
2019-09-30,星期一,29℃,22℃,多云,东南风 2级
日期,星期,最高温度,最低温度,天气,风向风力
2019-10-01,星期二,27℃,23℃,多云,东风 2级
2019-10-02,星期三,28℃,22℃,多云转雨,东北风 1级
2019-10-03,星期四,28℃,22℃,多云转雨,西北风 2级
2019-10-04,星期五,25℃,22℃,阴转雨,西风 1级
2019-10-05,星期六,24℃,20℃,晴转雨,西南风 2级
2019-10-06,星期日,28℃,21℃,多云转雨,北风 2级
2019-10-07,星期一,22℃,19℃,阴转雨,西风 2级
2019-10-08,星期二,21℃,18℃,多云,西风 2级
2019-10-09,星期三,25℃,17℃,阴转雨,北风 2级
2019-10-10,星期四,23℃,18℃,多云转雨,西南风 2级
2019-10-11,星期五,18℃,17℃,晴,西风 2级
2019-10-12,星期六,22℃,18℃,晴转多云,南风 1级
2019-10-13,星期日,23℃,18℃,小雨转雨,东北风 1级
2019-10-14,星期一,21℃,18℃,多云转雨,东北风 2级
2019-10-15,星期二,20℃,15℃,小雨转雨,东北风 2级
2019-10-16,星期三,19℃,16℃,多云,东北风 1级
2019-10-17,星期四,19℃,15℃,晴,东北风 1级
2019-10-18,星期五,24℃,14℃,晴,东北风 2级
2019-10-19,星期六,25℃,14℃,多云,东北风 2级
2019-10-20,星期日,19℃,18℃,多云转雨,东北风 1级
2019-10-21,星期一,20℃,16℃,多云转雨,东北风 2级
2019-10-22,星期二,19℃,16℃,阴,西风 1级
2019-10-23,星期三,22℃,16℃,多云,东北风 2级
2019-10-24,星期四,20℃,16℃,小雨到中雨,东北风 2级
2019-10-25,星期五,16℃,13℃,小雨到中雨,西风 2级
2019-10-26,星期六,15℃,13℃,阴转雨,西南风 1级
2019-10-27,星期日,15℃,12℃,多云转阴,西南风 2级
2019-10-28,星期一,20℃,13℃,晴,西南风 1级
2019-10-29,星期二,23℃,13℃,阴转多云,东北风 2级
2019-10-30,星期三,21℃,14℃,阴转多云,东风 1级
2019-10-31,星期四,22℃,15℃,多云,东北风 1级
日期,星期,最高温度,最低温度,天气,风向风力
2019-11-01,星期五,20℃,16℃,小雨转雨,北风 1级
2019-11-02,星期六,17℃,14℃,晴转多云,西北风 1级
2019-11-03,星期日,22℃,14℃,晴,东北风 1级
2019-11-04,星期一,21℃,15℃,阴,东北风 2级
2019-11-05,星期二,18℃,15℃,小雨转雨,东风 1级
2019-11-06,星期三,15℃,13℃,多云,东北风 2级
2019-11-07,星期四,19℃,12℃,多云,东北风 1级
2019-11-08,星期五,19℃,14℃,阴转多云,东风 2级
2019-11-09,星期六,19℃,16℃,阴,东北风 1级
2019-11-10,星期日,17℃,14℃,多云,南风 1级
2019-11-11,星期一,19℃,16℃,多云转阴,东北风 2级
2019-11-12,星期二,17℃,15℃,阴转雨,东北风 1级
2019-11-13,星期三,15℃,12℃,阴转多云,南风 1级
2019-11-14,星期四,19℃,13℃,多云转晴,东风 2级
2019-11-15,星期五,18℃,10℃,多云,东北风 1级
2019-11-16,星期六,16℃,14℃,多云,北风 2级
2019-11-17,星期日,14℃,12℃,小雨转雨,西北风 2级
2019-11-18,星期一,11℃,9℃,阴,西风 2级
2019-11-19,星期二,12℃,9℃,阴,西风 1级
2019-11-20,星期三,12℃,10℃,阴,西风 1级
2019-11-21,星期四,16℃,11℃,多云,东北风 1级
2019-11-22,星期五,14℃,11℃,阴转多云,东北风 2级
2019-11-23,星期六,13℃,12℃,阴转雨,北风 1级
2019-11-24,星期日,13℃,8℃,阴转雨,西风 2级
2019-11-25,星期一,11℃,8℃,阴,西风 2级
2019-11-26,星期二,11℃,9℃,阴,东北风 2级
2019-11-27,星期三,12℃,9℃,阴,东风 1级
2019-11-28,星期四,10℃,9℃,阴,东北风 2级
2019-11-29,星期五,12℃,9℃,阴转雨,东风 2级
2019-11-30,星期六,9℃,8℃,多云,东北风 2级
日期,星期,最高温度,最低温度,天气,风向风力
2019-12-01,星期日,9℃,7℃,阴转多云,西北风 2级
2019-12-02,星期一,12℃,7℃,多云,东风 1级
2019-12-03,星期二,11℃,6℃,多云,东北风 1级
2019-12-04,星期三,10℃,8℃,小雨转雨,西北风 1级
2019-12-05,星期四,11℃,8℃,晴,东风 1级
2019-12-06,星期五,15℃,7℃,晴,东风 1级
2019-12-07,星期六,13℃,6℃,多云,东北风 1级
2019-12-08,星期日,13℃,8℃,多云转阴,北风 1级
2019-12-09,星期一,14℃,8℃,阴,东北风 1级
2019-12-10,星期二,15℃,9℃,晴,北风 1级
2019-12-11,星期三,13℃,9℃,阴,东北风 1级
2019-12-12,星期四,12℃,9℃,多云,西北风 1级
2019-12-13,星期五,15℃,10℃,阴,西北风 1级
2019-12-14,星期六,14℃,9℃,阴,北风 1级
2019-12-15,星期日,13℃,10℃,多云,北风 1级
2019-12-16,星期一,14℃,11℃,多云,西风 2级
2019-12-17,星期二,12℃,8℃,阴转雨,北风 2级
2019-12-18,星期三,10℃,9℃,多云转阴,西北风 2级
2019-12-19,星期四,9℃,6℃,阴转雨,东北风 2级
2019-12-20,星期五,10℃,7℃,阴转雨,东北风 2级
2019-12-21,星期六,11℃,8℃,阴,北风 1级
2019-12-22,星期日,11℃,7℃,阴转多云,东北风 1级
2019-12-23,星期一,12℃,8℃,多云,北风 1级
2019-12-24,星期二,12℃,8℃,多云,东北风 2级
2019-12-25,星期三,10℃,9℃,阴,北风 1级
2019-12-26,星期四,9℃,7℃,小雨转阴,西北风 2级
2019-12-27,星期五,7℃,4℃,阴,西北风 1级
2019-12-28,星期六,8℃,6℃,晴,北风 1级
2019-12-29,星期日,11℃,4℃,阴转多云,东北风 2级
2019-12-30,星期一,12℃,8℃,多云转阴,北风 1级
2019-12-31,星期二,10℃,8℃,阴,东北风 2级
日期,星期,最高温度,最低温度,天气,风向风力
2020-01-01,星期三,11℃,7℃,多云,东北风 1级
2020-01-02,星期四,13℃,9℃,阴,东北风 1级
2020-01-03,星期五,12℃,8℃,阴,西北风 1级
2020-01-04,星期六,11℃,9℃,多云转阴,东北风 1级
2020-01-05,星期日,12℃,8℃,阴转雨,东北风 2级
2020-01-06,星期一,10℃,8℃,阴,西北风 1级
2020-01-07,星期二,12℃,6℃,多云,东北风 2级
2020-01-08,星期三,11℃,8℃,小雨转多云,东北风 2级
2020-01-09,星期四,11℃,8℃,多云,东北风 2级
2020-01-10,星期五,9℃,7℃,阴,北风 2级
2020-01-11,星期六,11℃,7℃,多云转晴,东风 1级
2020-01-12,星期日,13℃,3℃,晴,东北风 2级
2020-01-13,星期一,13℃,8℃,阴转多云,东北风 1级
2020-01-14,星期二,10℃,6℃,多云转阴,东风 2级
2020-01-15,星期三,9℃,7℃,阴转多云,东北风 2级
2020-01-16,星期四,10℃,6℃,多云,东风 1级
2020-01-17,星期五,11℃,7℃,阴转多云,东北风 2级
2020-01-18,星期六,11℃,7℃,多云,东风 1级
2020-01-19,星期日,11℃,5℃,阴转多云,南风 2级
2020-01-20,星期一,10℃,6℃,阴,东北风 2级
2020-01-21,星期二,11℃,8℃,阴转多云,东北风 1级
2020-01-22,星期三,13℃,9℃,小雨转多云,北风 1级
2020-01-23,星期四,12℃,9℃,阴,东北风 2级
2020-01-24,星期五,11℃,8℃,小雨转阴,北风 2级
2020-01-25,星期六,9℃,6℃,阴,南风 1级
2020-01-26,星期日,12℃,7℃,阴,东北风 1级
2020-01-27,星期一,11℃,7℃,阴,东风 2级
2020-01-28,星期二,12℃,6℃,多云,东风 1级
2020-01-29,星期三,15℃,6℃,晴,北风 1级
2020-01-30,星期四,13℃,4℃,阴转雨,东北风 2级
2020-01-31,星期五,11℃,8℃,阴转雨,东北风 2级
日期,星期,最高温度,最低温度,天气,风向风力
2020-02-01,星期六,10℃,7℃,多云转雨,东北风 2级
2020-02-02,星期日,9℃,7℃,小雨转雨,北风 2级
2020-02-03,星期一,10℃,8℃,多云,东风 1级
2020-02-04,星期二,14℃,7℃,晴,东北风 2级
2020-02-05,星期三,10℃,6℃,小雨到中雨,东北风 2级
2020-02-06,星期四,9℃,8℃,阴转多云,西南风 1级
2020-02-07,星期五,12℃,8℃,多云,东北风 2级
2020-02-08,星期六,11℃,8℃,阴,东北风 2级
2020-02-09,星期日,13℃,10℃,小雨转雨,西风 1级
2020-02-10,星期一,12℃,10℃,阴转多云,东北风 1级
2020-02-11,星期二,14℃,10℃,晴转多云,东北风 1级
2020-02-12,星期三,15℃,9℃,多云转晴,东北风 1级
2020-02-13,星期四,18℃,12℃,阴转多云,东北风 1级
2020-02-14,星期五,14℃,9℃,多云转雨,北风 2级
2020-02-15,星期六,12℃,3℃,阴,西北风 2级
2020-02-16,星期日,10℃,3℃,多云,东南风 2级
2020-02-17,星期一,12℃,2℃,阴转多云,东北风 1级
2020-02-18,星期二,12℃,7℃,多云转雨,东风 2级
2020-02-19,星期三,14℃,9℃,阴转多云,东北风 2级
2020-02-20,星期四,11℃,7℃,多云转阴,东北风 2级
2020-02-21,星期五,14℃,9℃,阴转多云,东风 1级
2020-02-22,星期六,14℃,10℃,多云转阴,东北风 2级
2020-02-23,星期日,13℃,10℃,阴,东北风 1级
2020-02-24,星期一,13℃,10℃,阴转多云,北风 1级
2020-02-25,星期二,17℃,12℃,阴转多云,东北风 1级
2020-02-26,星期三,14℃,12℃,多云,东北风 2级
2020-02-27,星期四,14℃,11℃,阴转雨,北风 1级
2020-02-28,星期五,13℃,10℃,晴,西风 1级
2020-02-29,星期六,18℃,10℃,多云转晴,东风 1级
日期,星期,最高温度,最低温度,天气,风向风力
2020-03-01,星期日,17℃,11℃,小雨转雨,东南风 1级
2020-03-02,星期一,12℃,10℃,多云转雨,东风 3级
2020-03-03,星期二,17℃,10℃,小雨转阴,东北风 2级
2020-03-04,星期三,13℃,9℃,阴转多云,东风 2级
2020-03-05,星期四,14℃,9℃,多云,东北风 2级
2020-03-06,星期五,14℃,10℃,阴转多云,东北风 2级
2020-03-07,星期六,17℃,11℃,阴转多云,东北风 2级
2020-03-08,星期日,15℃,11℃,多云,东北风 2级
2020-03-09,星期一,18℃,12℃,多云,西北风 2级
2020-03-10,星期二,18℃,10℃,多云,东北风 2级
2020-03-11,星期三,14℃,12℃,多云,东北风 2级
2020-03-12,星期四,17℃,10℃,阴转多云,东北风 2级
2020-03-13,星期五,17℃,11℃,多云,北风 2级
2020-03-14,星期六,17℃,12℃,多云,东北风 2级
2020-03-15,星期日,19℃,12℃,多云,东北风 2级
2020-03-16,星期一,16℃,14℃,阴转雨,北风 2级
2020-03-17,星期二,18℃,12℃,多云,西南风 1级
2020-03-18,星期三,20℃,10℃,多云,东北风 2级
2020-03-19,星期四,24℃,13℃,晴转多云,南风 2级
2020-03-20,星期五,27℃,12℃,多云,东风 2级
2020-03-21,星期六,27℃,17℃,晴转多云,东北风 2级
2020-03-22,星期日,25℃,18℃,多云,西北风 2级
2020-03-23,星期一,23℃,15℃,多云,东北风 2级
2020-03-24,星期二,26℃,18℃,小雨到中雨,东南风 2级
2020-03-25,星期三,27℃,17℃,晴,东风 2级
2020-03-26,星期四,28℃,18℃,阴转雨,东北风 2级
2020-03-27,星期五,23℃,12℃,小雨到中雨,西北风 2级
2020-03-28,星期六,16℃,11℃,多云转阴,东北风 2级
2020-03-29,星期日,14℃,11℃,阴,东北风 2级
2020-03-30,星期一,19℃,12℃,阴,东北风 2级
2020-03-31,星期二,20℃,11℃,多云,西北风 2级
日期,星期,最高温度,最低温度,天气,风向风力
2020-04-01,星期三,19℃,12℃,阴转多云,东北风 2级
2020-04-02,星期四,16℃,13℃,多云转雨,东北风 2级
2020-04-03,星期五,18℃,15℃,多云转雨,东北风 2级
2020-04-04,星期六,17℃,12℃,小雨转雨,东北风 1级
2020-04-05,星期日,15℃,12℃,阴,东北风 1级
2020-04-06,星期一,16℃,11℃,阴,北风 1级
2020-04-07,星期二,19℃,13℃,阴转雨,东风 1级
2020-04-08,星期三,21℃,15℃,晴,西南风 2级
2020-04-09,星期四,26℃,15℃,小雨转雨,东风 2级
2020-04-10,星期五,20℃,14℃,阴转雨,东北风 2级
2020-04-11,星期六,17℃,14℃,多云,东北风 2级
2020-04-12,星期日,24℃,13℃,多云,东风 2级
2020-04-13,星期一,21℃,15℃,多云,东北风 2级
2020-04-14,星期二,23℃,13℃,晴,东风 1级
2020-04-15,星期三,27℃,13℃,多云,东北风 2级
2020-04-16,星期四,25℃,19℃,多云转雨,北风 1级
2020-04-17,星期五,23℃,19℃,小雨到中雨,北风 2级
2020-04-18,星期六,20℃,17℃,多云,东北风 2级
2020-04-19,星期日,24℃,15℃,小雨转雨,东北风 2级
2020-04-20,星期一,18℃,16℃,阴,西北风 2级
2020-04-21,星期二,18℃,14℃,阴转雨,东北风 1级
2020-04-22,星期三,14℃,11℃,阴转雨,东北风 2级
2020-04-23,星期四,13℃,11℃,多云转雨,东北风 1级
2020-04-24,星期五,16℃,10℃,多云,东风 1级
2020-04-25,星期六,20℃,13℃,晴转多云,东北风 1级
2020-04-26,星期日,24℃,12℃,晴转多云,南风 1级
2020-04-27,星期一,28℃,15℃,晴,东南风 1级
2020-04-28,星期二,31℃,18℃,阴,东南风 2级
2020-04-29,星期三,29℃,18℃,多云转雨,东南风 2级
2020-04-30,星期四,25℃,19℃,阴,西风 1级
日期,星期,最高温度,最低温度,天气,风向风力
2020-05-01,星期五,28℃,19℃,晴转多云,东风 1级
2020-05-02,星期六,32℃,18℃,晴,东风 1级
2020-05-03,星期日,34℃,22℃,多云转阴,东风 2级
2020-05-04,星期一,30℃,23℃,阴转雨,东北风 2级
2020-05-05,星期二,33℃,23℃,多云转雨,东风 2级
2020-05-06,星期三,32℃,23℃,晴,东风 2级
2020-05-07,星期四,31℃,22℃,多云转雨,东北风 2级
2020-05-08,星期五,28℃,21℃,多云,西北风 2级
2020-05-09,星期六,23℃,19℃,多云,西风 2级
2020-05-10,星期日,26℃,17℃,多云转雨,东风 2级
2020-05-11,星期一,26℃,20℃,多云,东北风 2级
2020-05-12,星期二,27℃,18℃,阴转雨,东北风 1级
2020-05-13,星期三,24℃,17℃,中雨转雨,北风 2级
2020-05-14,星期四,24℃,18℃,多云,东北风 1级
2020-05-15,星期五,31℃,19℃,多云转雨,东北风 1级
2020-05-16,星期六,28℃,20℃,多云,西南风 2级
2020-05-17,星期日,32℃,22℃,晴,南风 2级
2020-05-18,星期一,33℃,22℃,晴转多云,东风 2级
2020-05-19,星期二,34℃,22℃,多云转雨,东南风 3级
2020-05-20,星期三,30℃,24℃,多云转雨,东风 2级
2020-05-21,星期四,28℃,21℃,多云转阴,东北风 2级
2020-05-22,星期五,31℃,21℃,多云,南风 1级
2020-05-23,星期六,33℃,23℃,晴转雨,东风 1级
2020-05-24,星期日,27℃,17℃,中雨转雨,西风 2级
2020-05-25,星期一,22℃,18℃,阴,西风 2级
2020-05-26,星期二,23℃,18℃,阴转雨,西北风 2级
2020-05-27,星期三,23℃,18℃,小雨转雨,西南风 2级
2020-05-28,星期四,26℃,19℃,多云,南风 2级
2020-05-29,星期五,29℃,21℃,晴,东风 1级
2020-05-30,星期六,31℃,17℃,多云转雨,东北风 2级
2020-05-31,星期日,25℃,21℃,多云,东北风 1级
日期,星期,最高温度,最低温度,天气,风向风力
2020-06-01,星期一,31℃,20℃,多云转雨,东风 2级
2020-06-02,星期二,25℃,17℃,多云,西风 2级
2020-06-03,星期三,26℃,17℃,多云转多云,南风 1级
2020-06-04,星期四,30℃,18℃,多云转多云,西风 1级
2020-06-05,星期五,33℃,20℃,多云,南风 1级
2020-06-06,星期六,32℃,22℃,多云,东南风 2级
2020-06-07,星期日,28℃,22℃,阴,东南风 1级
2020-06-08,星期一,25℃,22℃,多云,西南风 1级
2020-06-09,星期二,25℃,21℃,多云,西南风 1级
2020-06-10,星期三,27℃,21℃,多云,西风 1级
2020-06-11,星期四,28℃,24℃,多云,北风 2级
2020-06-12,星期五,29℃,23℃,多云,西风 1级
2020-06-13,星期六,31℃,24℃,多云,西风 2级
2020-06-14,星期日,29℃,24℃,阴,西南风 2级
2020-06-15,星期一,34℃,24℃,多云,东风 2级
2020-06-16,星期二,36℃,28℃,阴,东南风 3级
2020-06-17,星期三,30℃,21℃,阴,西南风 2级
2020-06-18,星期四,30℃,23℃,多云,西南风 1级
2020-06-19,星期五,33℃,24℃,多云,东北风 2级
2020-06-20,星期六,28℃,22℃,多云,东北风 2级
2020-06-21,星期日,26℃,22℃,多云,东北风 1级
2020-06-22,星期一,25℃,22℃,阴,东北风 1级
2020-06-23,星期二,29℃,24℃,多云,西南风 1级
2020-06-24,星期三,29℃,22℃,晴,东南风 1级
2020-06-25,星期四,32℃,22℃,晴,东风 2级
2020-06-26,星期五,36℃,25℃,小雨,东风 2级
2020-06-27,星期六,30℃,21℃,阴到大雨,西南风 2级
2020-06-28,星期日,29℃,22℃,晴,西风 1级
2020-06-29,星期一,30℃,24℃,多云,东北风 1级
2020-06-30,星期二,30℃,27℃,多云,东南风 1级
日期,星期,最高温度,最低温度,天气,风向风力
2020-07-01,星期三,26℃,21℃,阴,东北风 2级
2020-07-02,星期四,26℃,22℃,多云,西南风 2级
2020-07-03,星期五,30℃,24℃,晴,东风 1级
2020-07-04,星期六,27℃,25℃,多云,北风 1级
2020-07-05,星期日,28℃,24℃,多云,北风 2级
2020-07-06,星期一,27℃,23℃,多云,西北风 1级
2020-07-07,星期二,28℃,24℃,多云,西风 1级
2020-07-08,星期三,28℃,24℃,阴,北风 2级
2020-07-09,星期四,28℃,24℃,多云,东北风 2级
2020-07-10,星期五,31℃,24℃,阴,东北风 2级
2020-07-11,星期六,28℃,24℃,多云,北风 1级
2020-07-12,星期日,25℃,23℃,阴,西风 1级
2020-07-13,星期一,27℃,23℃,阴,南风 1级
2020-07-14,星期二,32℃,25℃,多云,东风 2级
2020-07-15,星期三,30℃,25℃,多云,南风 2级
2020-07-16,星期四,27℃,24℃,阴,东风 2级
2020-07-17,星期五,26℃,23℃,多云,东南风 2级
2020-07-18,星期六,30℃,24℃,阴,西北风 2级
2020-07-19,星期日,29℃,23℃,多云,西北风 2级
2020-07-20,星期一,30℃,25℃,多云,东风 2级
2020-07-21,星期二,29℃,24℃,多云,东北风 2级
2020-07-22,星期三,29℃,24℃,阴,西北风 2级
2020-07-23,星期四,34℃,25℃,多云,东南风 2级
2020-07-24,星期五,36℃,26℃,多云,东南风 2级
2020-07-25,星期六,33℃,26℃,多云,北风 2级
2020-07-26,星期日,29℃,21℃,多云,西风 2级
2020-07-27,星期一,32℃,21℃,晴,东风 2级
2020-07-28,星期二,34℃,25℃,晴,东风 1级
2020-07-29,星期三,36℃,26℃,多云,东风 2级
2020-07-30,星期四,30℃,23℃,多云,西风 2级
2020-07-31,星期五,28℃,23℃,多云,西北风 1级
日期,星期,最高温度,最低温度,天气,风向风力
2020-08-01,星期六,33℃,25℃,晴,北风 2级
2020-08-02,星期日,34℃,26℃,多云,东北风 1级
2020-08-03,星期一,34℃,26℃,晴,东风 2级
2020-08-04,星期二,37℃,27℃,晴,东南风 2级
2020-08-05,星期三,38℃,29℃,晴,东南风 2级
2020-08-06,星期四,38℃,29℃,晴,东南风 2级
2020-08-07,星期五,38℃,30℃,阴,东南风 2级
2020-08-08,星期六,32℃,27℃,多云,西风 2级
2020-08-09,星期日,33℃,27℃,晴,东北风 1级
2020-08-10,星期一,36℃,28℃,多云,东风 1级
2020-08-11,星期二,37℃,28℃,多云,东风 2级
2020-08-12,星期三,35℃,30℃,阴,东南风 3级
2020-08-13,星期四,32℃,25℃,多云,西南风 2级
2020-08-14,星期五,33℃,25℃,多云,东南风 2级
2020-08-15,星期六,37℃,27℃,晴,东南风 3级
2020-08-16,星期日,37℃,31℃,多云,东南风 3级
2020-08-17,星期一,34℃,28℃,多云,东南风 3级
2020-08-18,星期二,28℃,21℃,多云,西风 2级
2020-08-19,星期三,28℃,21℃,多云,北风 1级
2020-08-20,星期四,32℃,23℃,多云,北风 1级
2020-08-21,星期五,34℃,25℃,晴,东北风 1级
2020-08-22,星期六,36℃,27℃,晴,东南风 2级
2020-08-23,星期日,36℃,27℃,多云,东南风 2级
2020-08-24,星期一,33℃,23℃,多云,西风 2级
2020-08-25,星期二,33℃,23℃,晴,西北风 1级
2020-08-26,星期三,34℃,24℃,晴,东风 1级
2020-08-27,星期四,37℃,25℃,晴,东风 1级
2020-08-28,星期五,38℃,26℃,晴,东南风 2级
2020-08-29,星期六,38℃,27℃,晴,东南风 2级
2020-08-30,星期日,39℃,29℃,晴,东风 2级
2020-08-31,星期一,33℃,25℃,晴,西风 2级
日期,星期,最高温度,最低温度,天气,风向风力
2020-09-01,星期二,35℃,26℃,多云,西风 2级
2020-09-02,星期三,29℃,26℃,多云,西风 1级
2020-09-03,星期四,29℃,23℃,阴,东北风 2级
2020-09-04,星期五,29℃,23℃,阴,东风 2级
2020-09-05,星期六,28℃,22℃,多云,东北风 2级
2020-09-06,星期日,27℃,23℃,晴,北风 2级
2020-09-07,星期一,31℃,22℃,晴,东风 1级
2020-09-08,星期二,33℃,26℃,多云,东南风 1级
2020-09-09,星期三,31℃,24℃,多云转雨,东北风 2级
2020-09-10,星期四,28℃,23℃,多云,东北风 2级
2020-09-11,星期五,28℃,23℃,阴,东南风 2级
2020-09-12,星期六,25℃,20℃,小雨,东风 2级
2020-09-13,星期日,22℃,20℃,阴,东北风 2级
2020-09-14,星期一,22℃,20℃,多云,东北风 1级
2020-09-15,星期二,23℃,21℃,阴,西风 1级
2020-09-16,星期三,23℃,21℃,阴,西南风 1级
2020-09-17,星期四,18℃,18℃,阴,北风 2级
2020-09-18,星期五,27℃,19℃,晴,东风 1级
2020-09-19,星期六,30℃,22℃,多云,东风 1级
2020-09-20,星期日,27℃,23℃,阴,东北风 2级
2020-09-21,星期一,20℃,18℃,阴,北风 2级
2020-09-22,星期二,20℃,18℃,多云,西风 1级
2020-09-23,星期三,21℃,17℃,阴,南风 1级
2020-09-24,星期四,27℃,20℃,阴,东风 2级
2020-09-25,星期五,20℃,19℃,小雨,东北风 2级
2020-09-26,星期六,22℃,18℃,阴,东北风 2级
2020-09-27,星期日,23℃,20℃,阴,东风 2级
2020-09-28,星期一,22℃,18℃,小雨,东北风 2级
2020-09-29,星期二,23℃,18℃,阴,南风 1级
2020-09-30,星期三,27℃,20℃,阴,东风 2级
日期,星期,最高温度,最低温度,天气,风向风力
2020-10-01,星期四,22℃,20℃,阴,东风 1级
2020-10-02,星期五,20℃,19℃,小雨,东北风 1级
2020-10-03,星期六,20℃,17℃,小雨,西北风 1级
2020-10-04,星期日,19℃,16℃,阴转雨,西风 1级
2020-10-05,星期一,17℃,15℃,阴,东风 2级
2020-10-06,星期二,15℃,12℃,阴,东北风 2级
2020-10-07,星期三,19℃,16℃,多云,东风 1级
2020-10-08,星期四,18℃,16℃,阴,东风 1级
2020-10-09,星期五,17℃,17℃,阴,东北风 1级
2020-10-10,星期六,20℃,18℃,阴,北风 1级
2020-10-11,星期日,19℃,17℃,阴转雨,北风 1级
2020-10-12,星期一,18℃,17℃,阴,西南风 1级
2020-10-13,星期二,20℃,17℃,多云,北风 1级
2020-10-14,星期三,19℃,15℃,小雨,西风 2级
2020-10-15,星期四,17℃,14℃,阴到小雨,西南风 2级
2020-10-16,星期五,16℃,14℃,阴,西南风 2级
2020-10-17,星期六,17℃,14℃,小雨,东北风 1级
2020-10-18,星期日,18℃,15℃,阴,西南风 1级
2020-10-19,星期一,19℃,15℃,小雨,南风 1级
2020-10-20,星期二,17℃,13℃,多云,东北风 2级
2020-10-21,星期三,19℃,12℃,晴,南风 1级
2020-10-22,星期四,22℃,13℃,晴,东北风 1级
2020-10-23,星期五,21℃,14℃,多云,东风 2级
2020-10-24,星期六,23℃,17℃,多云,东南风 2级
2020-10-25,星期日,21℃,17℃,阴,东风 1级
2020-10-26,星期一,20℃,17℃,阴,西南风 1级
2020-10-27,星期二,18℃,16℃,小雨,东北风 2级
2020-10-28,星期三,18℃,14℃,阴,西北风 1级
2020-10-29,星期四,17℃,16℃,阴,西北风 1级
2020-10-30,星期五,17℃,16℃,阴,东北风 2级
2020-10-31,星期六,17℃,16℃,小雨,西南风 1级
日期,星期,最高温度,最低温度,天气,风向风力
2020-11-01,星期日,16℃,15℃,阴,西南风 2级
2020-11-02,星期一,16℃,14℃,阴,南风 1级
2020-11-03,星期二,18℃,14℃,阴,东北风 1级
2020-11-04,星期三,18℃,15℃,多云,东风 1级
2020-11-05,星期四,18℃,15℃,阴转雨,北风 1级
2020-11-06,星期五,20℃,14℃,阴,西南风 2级
2020-11-07,星期六,22℃,13℃,晴,东风 1级
2020-11-08,星期日,21℃,15℃,阴转多云,东北风 1级
2020-11-09,星期一,23℃,12℃,晴,东南风 1级
2020-11-10,星期二,25℃,14℃,晴,东风 2级
2020-11-11,星期三,25℃,13℃,晴,东风 2级
2020-11-12,星期四,23℃,13℃,晴,东风 1级
2020-11-13,星期五,25℃,13℃,晴,东风 2级
2020-11-14,星期六,24℃,13℃,晴,东风 2级
2020-11-15,星期日,24℃,15℃,晴,东风 2级
2020-11-16,星期一,23℃,14℃,多云,东北风 2级
2020-11-17,星期二,25℃,16℃,多云,北风 2级
2020-11-18,星期三,21℃,15℃,晴,西风 2级
2020-11-19,星期四,22℃,16℃,晴,北风 1级
2020-11-20,星期五,18℃,10℃,阴,东北风 2级
2020-11-21,星期六,16℃,8℃,阴,东北风 2级
2020-11-22,星期日,9℃,8℃,阴,西风 2级
2020-11-23,星期一,10℃,9℃,多云,西南风 2级
2020-11-24,星期二,12℃,8℃,阴,东北风 2级
2020-11-25,星期三,12℃,10℃,多云,北风 1级
2020-11-26,星期四,13℃,11℃,阴,西北风 1级
2020-11-27,星期五,13℃,10℃,阴,东北风 1级
2020-11-28,星期六,11℃,8℃,阴,东风 1级
2020-11-29,星期日,13℃,9℃,多云,东北风 2级
2020-11-30,星期一,12℃,10℃,阴,东北风 2级
日期,星期,最高温度,最低温度,天气,风向风力
2020-12-01,星期二,12℃,9℃,阴,东北风 2级
2020-12-02,星期三,11℃,9℃,阴,东北风 2级
2020-12-03,星期四,10℃,9℃,阴,东北风 2级
2020-12-04,星期五,9℃,8℃,阴,东北风 2级
2020-12-05,星期六,8℃,0℃,多云,东南风 2级
2020-12-06,星期日,10℃,9℃,阴,东北风 1级
2020-12-07,星期一,10℃,8℃,阴,西风 1级
2020-12-08,星期二,13℃,9℃,阴,东风 2级
2020-12-09,星期三,10℃,9℃,阴,东北风 2级
2020-12-10,星期四,11℃,10℃,阴,东北风 2级
2020-12-11,星期五,11℃,9℃,阴,东北风 1级
2020-12-12,星期六,11℃,10℃,多云,东北风 1级
2020-12-13,星期日,10℃,6℃,阴,西北风 1级
2020-12-14,星期一,8℃,6℃,阴,东风 2级
2020-12-15,星期二,8℃,6℃,阴,东北风 2级
2020-12-16,星期三,8℃,7℃,阴,东北风 1级
2020-12-17,星期四,8℃,6℃,多云,东北风 1级
2020-12-18,星期五,7℃,5℃,阴,西北风 1级
2020-12-19,星期六,7℃,4℃,阴,北风 1级
2020-12-20,星期日,10℃,4℃,多云,东北风 1级
2020-12-21,星期一,11℃,5℃,晴,东北风 1级
2020-12-22,星期二,8℃,6℃,阴,北风 1级
2020-12-23,星期三,10℃,6℃,阴,西南风 2级
2020-12-24,星期四,12℃,6℃,多云,东北风 1级
2020-12-25,星期五,9℃,8℃,多云,北风 1级
2020-12-26,星期六,12℃,7℃,阴,西北风 1级
2020-12-27,星期日,13℃,6℃,阴,东北风 2级
2020-12-28,星期一,9℃,6℃,多云,西北风 1级
2020-12-29,星期二,7℃,5℃,阴,西风 2级
2020-12-30,星期三,7℃,5℃,阴,东北风 2级
2020-12-31,星期四,7℃,4℃,阴,东北风 2级
日期,星期,最高温度,最低温度,天气,风向风力
2021-01-01,星期五,10℃,5℃,阴,东北风 1级
2021-01-02,星期六,7℃,6℃,阴,东北风 2级
2021-01-03,星期日,10℃,7℃,阴,西北风 2级
2021-01-04,星期一,8℃,7℃,多云,东北风 1级
2021-01-05,星期二,10℃,7℃,阴,东风 1级
2021-01-06,星期三,9℃,5℃,阴,东风 2级
2021-01-07,星期四,6℃,3℃,小雨,东风 2级
2021-01-08,星期五,6℃,4℃,多云,南风 2级
2021-01-09,星期六,4℃,3℃,阴,北风 1级
2021-01-10,星期日,5℃,2℃,小雨,西北风 1级
2021-01-11,星期一,9℃,0℃,多云,西风 2级
2021-01-12,星期二,12℃,1℃,晴,东北风 2级
2021-01-13,星期三,13℃,2℃,晴,西北风 1级
2021-01-14,星期四,13℃,3℃,晴,东风 1级
2021-01-15,星期五,12℃,6℃,多云,西北风 2级
2021-01-16,星期六,7℃,4℃,小雨到中雨,北风 2级
2021-01-17,星期日,5℃,0℃,晴,北风 2级
2021-01-18,星期一,6℃,2℃,晴,东北风 2级
2021-01-19,星期二,9℃,5℃,阴,北风 1级
2021-01-20,星期三,10℃,0℃,阴,东风 1级
2021-01-21,星期四,9℃,6℃,晴,西风 1级
2021-01-22,星期五,15℃,6℃,晴,东风 1级
2021-01-23,星期六,13℃,9℃,阴,东北风 2级
2021-01-24,星期日,10℃,8℃,小雨,东北风 2级
2021-01-25,星期一,12℃,8℃,阴,西风 2级
2021-01-26,星期二,10℃,8℃,阴,东风 1级
2021-01-27,星期三,9℃,8℃,阴,东北风 1级
2021-01-28,星期四,11℃,8℃,阴,东风 2级
2021-01-29,星期五,13℃,0℃,多云,西南风 3级
2021-01-30,星期六,14℃,9℃,阴,南风 1级
2021-01-31,星期日,12℃,8℃,阴,南风 1级
日期,星期,最高温度,最低温度,天气,风向风力
2021-02-01,星期一,15℃,8℃,阴,东北风 1级
2021-02-02,星期二,11℃,8℃,阴,东北风 1级
2021-02-03,星期三,12℃,8℃,阴,东风 1级
2021-02-04,星期四,12℃,9℃,阴,东北风 1级
2021-02-05,星期五,13℃,6℃,晴,西南风 1级
2021-02-06,星期六,11℃,7℃,阴,东风 1级
2021-02-07,星期日,17℃,11℃,多云,北风 1级
2021-02-08,星期一,16℃,10℃,多云,东北风 1级
2021-02-09,星期二,12℃,0℃,阴,南风 2级
2021-02-10,星期三,19℃,9℃,晴,东北风 1级
2021-02-11,星期四,20℃,10℃,多云,东风 1级
2021-02-12,星期五,22℃,10℃,晴,南风 2级
2021-02-13,星期六,16℃,10℃,晴,东风 1级
2021-02-14,星期日,20℃,12℃,阴,东北风 2级
2021-02-15,星期一,14℃,11℃,阴,西北风 2级
2021-02-16,星期二,15℃,9℃,多云,西南风 1级
2021-02-17,星期三,18℃,11℃,阴,东风 1级
2021-02-18,星期四,18℃,11℃,多云,西北风 1级
2021-02-19,星期五,19℃,11℃,晴,东北风 1级
2021-02-20,星期六,21℃,10℃,晴,东风 1级
2021-02-21,星期日,23℃,11℃,晴,东北风 1级
2021-02-22,星期一,24℃,15℃,多云,东北风 2级
2021-02-23,星期二,23℃,16℃,晴,东北风 2级
2021-02-24,星期三,26℃,16℃,晴,东风 2级
2021-02-25,星期四,17℃,9℃,阴,北风 2级
2021-02-26,星期五,11℃,10℃,阴,东北风 2级
2021-02-27,星期六,12℃,10℃,阴,东北风 2级
2021-02-28,星期日,10℃,8℃,阴,东北风 2级
日期,星期,最高温度,最低温度,天气,风向风力
2021-03-01,星期一,16℃,9℃,阴,北风 2级
2021-03-02,星期二,11℃,9℃,阴,东风 2级
2021-03-03,星期三,15℃,8℃,多云,东风 1级
2021-03-04,星期四,18℃,11℃,多云,东北风 2级
2021-03-05,星期五,19℃,12℃,多云,东风 2级
2021-03-06,星期六,15℃,11℃,多云,东北风 1级
2021-03-07,星期日,14℃,12℃,小雨,东北风 2级
2021-03-08,星期一,15℃,12℃,阴,东北风 2级
2021-03-09,星期二,17℃,13℃,多云,东北风 2级
2021-03-10,星期三,15℃,11℃,阴,东北风 2级
2021-03-11,星期四,20℃,13℃,多云,东北风 2级
2021-03-12,星期五,20℃,14℃,多云,东北风 2级
2021-03-13,星期六,25℃,14℃,晴,东北风 1级
2021-03-14,星期日,24℃,16℃,小雨,东北风 2级
2021-03-15,星期一,26℃,16℃,晴,东北风 1级
2021-03-16,星期二,18℃,17℃,多云,东北风 2级
2021-03-17,星期三,24℃,17℃,多云,东北风 2级
2021-03-18,星期四,23℃,18℃,多云,东北风 2级
2021-03-19,星期五,18℃,12℃,阴,东北风 3级
2021-03-20,星期六,13℃,9℃,阴,北风 2级
2021-03-21,星期日,10℃,9℃,阴,北风 2级
2021-03-22,星期一,13℃,10℃,阴,东北风 1级
2021-03-23,星期二,18℃,9℃,晴,南风 1级
2021-03-24,星期三,23℃,14℃,阴,东北风 2级
2021-03-25,星期四,20℃,15℃,阴,东北风 1级
2021-03-26,星期五,14℃,12℃,多云,西风 2级
2021-03-27,星期六,23℃,12℃,多云,东北风 1级
2021-03-28,星期日,27℃,16℃,晴,东北风 2级
2021-03-29,星期一,25℃,17℃,多云,东北风 2级
2021-03-30,星期二,23℃,16℃,晴,东北风 2级
2021-03-31,星期三,22℃,19℃,多云,东北风 2级
日期,星期,最高温度,最低温度,天气,风向风力
2021-04-01,星期四,16℃,15℃,阴,西北风 2级
2021-04-02,星期五,14℃,12℃,阴,西南风 2级
2021-04-03,星期六,17℃,13℃,阴,西风 2级
2021-04-04,星期日,17℃,15℃,阴,东北风 2级
2021-04-05,星期一,18℃,15℃,阴,东风 2级
2021-04-06,星期二,16℃,14℃,小雨,东北风 2级
2021-04-07,星期三,16℃,14℃,阴,西风 1级
2021-04-08,星期四,22℃,14℃,晴,东风 2级
2021-04-09,星期五,20℃,14℃,多云,东风 2级
2021-04-10,星期六,17℃,14℃,阴,东北风 2级
2021-04-11,星期日,19℃,15℃,小雨,东北风 2级
2021-04-12,星期一,21℃,15℃,多云,东风 1级
2021-04-13,星期二,21℃,17℃,阴,东风 2级
2021-04-14,星期三,21℃,17℃,阴,东北风 2级
2021-04-15,星期四,19℃,15℃,阴,东北风 1级
2021-04-16,星期五,18℃,16℃,阴,西南风 2级
2021-04-17,星期六,17℃,15℃,阴,东北风 1级
2021-04-18,星期日,16℃,14℃,阴,东北风 1级
2021-04-19,星期一,20℃,16℃,阴,东北风 2级
2021-04-20,星期二,20℃,16℃,阴,北风 1级
2021-04-21,星期三,23℃,14℃,多云,东北风 1级
2021-04-22,星期四,27℃,16℃,晴,东北风 2级
2021-04-23,星期五,24℃,20℃,阴,西北风 2级
2021-04-24,星期六,18℃,17℃,阴,北风 2级
2021-04-25,星期日,19℃,16℃,阴,东北风 2级
2021-04-26,星期一,23℃,15℃,多云,东南风 2级
2021-04-27,星期二,27℃,18℃,多云,东北风 1级
2021-04-28,星期三,23℃,15℃,阴,西风 2级
2021-04-29,星期四,22℃,16℃,晴,东风 2级
2021-04-30,星期五,32℃,18℃,晴,东北风 1级
日期,星期,最高温度,最低温度,天气,风向风力
2021-05-01,星期六,36℃,17℃,多云,东南风 2级
2021-05-02,星期日,36℃,22℃,小雨到大雨,东风 2级
2021-05-03,星期一,27℃,20℃,阴,北风 2级
2021-05-04,星期二,26℃,17℃,小雨转阴,西北风 2级
2021-05-05,星期三,19℃,15℃,小雨到中雨,西北风 2级
2021-05-06,星期四,20℃,15℃,多云,东北风 1级
2021-05-07,星期五,26℃,17℃,阴,西南风 1级
2021-05-08,星期六,28℃,18℃,晴,东风 1级
2021-05-09,星期日,33℃,21℃,阴,东北风 2级
2021-05-10,星期一,28℃,21℃,晴,西北风 1级
2021-05-11,星期二,20℃,12℃,阴,南风 1级
2021-05-12,星期三,29℃,21℃,阴,东北风 1级
2021-05-13,星期四,21℃,19℃,阴,东南风 3级
2021-05-14,星期五,30℃,21℃,多云,东北风 2级
2021-05-15,星期六,27℃,21℃,阴,西北风 2级
2021-05-16,星期日,27℃,18℃,多云,西风 2级
2021-05-17,星期一,25℃,18℃,多云,东北风 2级
2021-05-18,星期二,26℃,18℃,多云,东北风 2级
2021-05-19,星期三,24℃,21℃,阴,西南风 1级
2021-05-20,星期四,27℃,21℃,阴,西南风 1级
2021-05-21,星期五,23℃,22℃,阴,东北风 1级
2021-05-22,星期六,23℃,20℃,阴,东风 1级
2021-05-23,星期日,18℃,15℃,阴,西风 2级
2021-05-24,星期一,22℃,16℃,阴,南风 1级
2021-05-25,星期二,21℃,17℃,小雨转阴,东北风 1级
2021-05-26,星期三,23℃,18℃,阴,南风 1级
2021-05-27,星期四,27℃,19℃,阴,东北风 1级
2021-05-28,星期五,25℃,20℃,阴,东北风 1级
2021-05-29,星期六,23℃,20℃,阴,东南风 1级
2021-05-30,星期日,25℃,18℃,多云,东风 1级
2021-05-31,星期一,31℃,22℃,多云,南风 1级
日期,星期,最高温度,最低温度,天气,风向风力
2021-06-01,星期二,32℃,23℃,多云,西北风 1级
2021-06-02,星期三,27℃,23℃,多云,东南风 2级
2021-06-03,星期四,23℃,17℃,阴,西北风 2级
2021-06-04,星期五,28℃,16℃,多云,东风 1级
2021-06-05,星期六,32℃,21℃,阴,东风 1级
2021-06-06,星期日,34℃,22℃,阴,东北风 1级
2021-06-07,星期一,30℃,22℃,阴,西南风 2级
2021-06-08,星期二,26℃,22℃,阴,西风 2级
2021-06-09,星期三,21℃,19℃,阴,西北风 1级
2021-06-10,星期四,26℃,21℃,晴,西南风 1级
2021-06-11,星期五,30℃,22℃,多云,东风 1级
2021-06-12,星期六,32℃,24℃,多云,东北风 2级
2021-06-13,星期日,34℃,25℃,多云,东南风 2级
2021-06-14,星期一,35℃,26℃,多云,东风 2级
2021-06-15,星期二,34℃,25℃,阴,东风 1级
2021-06-16,星期三,34℃,22℃,阴,北风 2级
2021-06-17,星期四,26℃,22℃,阴,西风 2级
2021-06-18,星期五,21℃,18℃,阴,西南风 2级
2021-06-19,星期六,21℃,19℃,多云,西南风 1级
2021-06-20,星期日,26℃,21℃,多云,东北风 1级
2021-06-21,星期一,30℃,23℃,多云,东风 1级
2021-06-22,星期二,32℃,23℃,多云,东风 1级
2021-06-23,星期三,34℃,25℃,阴,东风 2级
2021-06-24,星期四,28℃,25℃,小雨转多云,东北风 2级
2021-06-25,星期五,23℃,22℃,多云,西北风 2级
2021-06-26,星期六,32℃,24℃,阴,西北风 1级
2021-06-27,星期日,24℃,23℃,阴,西南风 1级
2021-06-28,星期一,26℃,22℃,阴,东风 1级
2021-06-29,星期二,30℃,25℃,多云,东北风 1级
2021-06-30,星期三,31℃,23℃,阴,东北风 1级
日期,星期,最高温度,最低温度,天气,风向风力
2021-07-01,星期四,25℃,23℃,小雨,东风 1级
2021-07-02,星期五,26℃,23℃,多云,北风 1级
2021-07-03,星期六,30℃,23℃,多云,西风 2级
2021-07-04,星期日,26℃,23℃,阴,东北风 2级
2021-07-05,星期一,29℃,25℃,阴,北风 1级
2021-07-06,星期二,25℃,23℃,阴,西北风 1级
2021-07-07,星期三,32℃,16℃,小雨到中雨,东南风 1级
2021-07-08,星期四,24℃,24℃,阴,东北风 2级
2021-07-09,星期五,31℃,26℃,阴,东北风 2级
2021-07-10,星期六,33℃,24℃,阴,东南风 2级
2021-07-11,星期日,25℃,23℃,阴,东风 2级
2021-07-12,星期一,30℃,24℃,晴,东北风 1级
2021-07-13,星期二,35℃,26℃,晴,东风 1级
2021-07-14,星期三,36℃,27℃,阴,东南风 2级
2021-07-15,星期四,35℃,27℃,小雨,东风 2级
2021-07-16,星期五,24℃,23℃,阴,西风 1级
2021-07-17,星期六,31℃,23℃,多云,西南风 1级
2021-07-18,星期日,32℃,24℃,阴,西南风 1级
2021-07-19,星期一,32℃,24℃,多云,东风 1级
2021-07-20,星期二,35℃,25℃,阴,东风 1级
2021-07-21,星期三,36℃,25℃,多云,东风 1级
2021-07-22,星期四,34℃,24℃,晴,东风 2级
2021-07-23,星期五,37℃,27℃,阴,东风 2级
2021-07-24,星期六,34℃,25℃,晴,东北风 2级
2021-07-25,星期日,35℃,27℃,多云,东北风 1级
2021-07-26,星期一,37℃,27℃,多云,北风 1级
2021-07-27,星期二,33℃,24℃,多云,西风 2级
2021-07-28,星期三,35℃,26℃,晴,西风 2级
2021-07-29,星期四,36℃,27℃,晴,西南风 1级
2021-07-30,星期五,38℃,28℃,多云,西南风 1级
2021-07-31,星期六,37℃,25℃,多云,西南风 2级
日期,星期,最高温度,最低温度,天气,风向风力
2021-08-01,星期日,37℃,25℃,晴,北风 1级
2021-08-02,星期一,39℃,26℃,晴,东风 1级
2021-08-03,星期二,39℃,27℃,晴,东风 2级
2021-08-04,星期三,40℃,30℃,晴,东南风 1级
2021-08-05,星期四,37℃,24℃,阴,东风 1级
2021-08-06,星期五,36℃,28℃,多云,西南风 1级
2021-08-07,星期六,29℃,26℃,阴,东北风 2级
2021-08-08,星期日,27℃,24℃,多云,东北风 1级
2021-08-09,星期一,30℃,27℃,多云,西南风 2级
2021-08-10,星期二,30℃,24℃,多云,东风 1级
2021-08-11,星期三,24℃,23℃,多云,东北风 2级
2021-08-12,星期四,31℃,22℃,小雨,东北风 1级
2021-08-13,星期五,24℃,21℃,多云,西风 1级
2021-08-14,星期六,23℃,21℃,多云,东北风 2级
2021-08-15,星期日,28℃,23℃,多云,东北风 2级
2021-08-16,星期一,27℃,16℃,多云,东南风 2级
2021-08-17,星期二,35℃,25℃,多云,东风 2级
2021-08-18,星期三,36℃,27℃,多云,东风 1级
2021-08-19,星期四,35℃,26℃,阴,东风 1级
2021-08-20,星期五,36℃,28℃,多云,南风 2级
2021-08-21,星期六,36℃,29℃,多云,东南风 2级
2021-08-22,星期日,32℃,23℃,小雨,东风 2级
2021-08-23,星期一,23℃,21℃,多云,西南风 2级
2021-08-24,星期二,30℃,24℃,多云,东北风 1级
2021-08-25,星期三,26℃,18℃,中雨,东北风 2级
2021-08-26,星期四,21℃,19℃,小雨到中雨,东北风 1级
2021-08-27,星期五,23℃,17℃,晴,南风 2级
2021-08-28,星期六,20℃,19℃,小雨到中雨,北风 1级
2021-08-29,星期日,22℃,19℃,多云,西北风 1级
2021-08-30,星期一,31℃,22℃,多云,东北风 1级
2021-08-31,星期二,29℃,22℃,多云,西风 2级
